,Acura,Alfa Romeo,Audi,BMW,Buick,Cadillac,Chevrolet,Chrysler,Cupra,Dodge,Ford,GMC,Honda,Hyundai,Infiniti,Isuzu,Jeep,Kia,Land Rover,Lexus,Lincoln,MINI,Mazda,Mitsubishi,Nissan,Opel,Peugeot,Porsche,Renault,Skoda,Subaru,Suzuki,Toyota,Volkswagen,Volvo
Acura,130,0,0,1,0,0,0,0,0,0,1,0,3,0,0,0,0,0,0,2,0,0,0,1,0,0,0,0,0,0,0,0,1,0,0
Alfa Romeo,0,1240,0,4,1,0,0,0,0,0,14,0,2,0,0,0,0,0,0,0,0,0,0,0,0,0,0,1,0,0,0,1,6,2,0
Audi,0,0,1784,1,0,0,0,0,0,0,9,0,0,0,0,0,0,0,0,1,0,1,0,2,0,0,0,0,0,0,0,1,5,1,0
BMW,0,4,0,2002,0,0,0,3,0,0,10,0,2,0,0,0,1,0,0,1,0,0,1,0,0,0,0,0,0,0,0,4,3,0,0
Buick,0,1,0,0,435,7,2,12,0,1,12,0,0,1,0,0,0,0,0,0,1,0,1,1,0,1,1,0,1,0,0,1,3,0,0
Cadillac,0,0,0,0,12,757,0,2,0,0,7,1,0,0,0,0,1,0,0,1,1,0,0,1,0,0,0,0,0,0,0,0,2,1,0
Chevrolet,0,0,0,0,6,3,240,1,0,0,8,0,0,0,0,0,0,0,0,0,0,0,0,0,0,0,0,0,0,0,0,0,2,0,0
Chrysler,0,2,0,2,7,8,2,3083,0,14,25,0,2,0,0,0,1,0,0,0,1,0,2,1,3,0,0,0,0,0,0,1,12,2,0
Cupra,0,0,0,0,0,0,0,0,158,0,1,0,0,0,0,0,0,0,0,0,0,0,0,0,0,0,0,0,0,0,0,0,0,0,0
Dodge,0,0,0,0,4,1,3,34,0,422,21,1,0,0,0,0,1,0,0,0,0,0,0,0,0,0,0,0,0,0,0,0,5,1,0
Ford,0,4,6,7,7,5,6,19,0,12,12325,3,7,9,1,9,10,11,1,5,2,2,7,9,5,0,0,1,3,0,1,6,66,13,3
GMC,0,0,0,0,0,0,0,0,0,1,0,1521,3,0,0,0,0,8,0,0,0,0,2,0,5,0,0,0,0,0,1,0,0,14,0
Honda,0,0,0,2,0,0,0,0,0,0,2,3,11025,0,3,1,1,27,0,1,0,0,19,2,45,0,0,0,1,0,9,1,13,35,0
Hyundai,1,0,0,0,0,0,0,0,1,0,8,1,1,992,0,1,0,5,0,0,1,0,0,3,1,0,0,0,1,0,0,0,22,0,0
Infiniti,0,0,0,0,0,0,0,0,0,0,0,1,4,1,1206,0,0,0,0,0,0,0,3,0,32,0,0,0,0,0,2,1,0,2,0
Isuzu,0,0,0,1,0,0,0,0,0,0,20,0,3,1,0,405,2,1,0,0,0,0,1,5,0,0,0,0,0,0,0,1,19,1,2
Jeep,0,0,2,3,0,0,0,1,0,1,14,0,1,0,0,0,2259,0,1,1,1,0,0,0,0,0,0,0,0,0,0,0,10,0,1
Kia,0,0,1,0,0,0,0,0,0,0,4,4,8,0,1,0,0,6055,0,0,0,0,22,0,35,0,0,0,0,0,9,0,2,28,0
Land Rover,0,0,0,0,0,0,0,1,0,0,1,0,0,1,0,0,0,0,343,0,0,0,1,0,0,0,0,0,0,0,0,0,0,0,0
Lexus,0,1,2,1,0,0,0,0,2,0,3,0,0,2,0,0,1,0,0,2719,0,0,1,0,2,0,0,0,1,0,0,1,50,2,0
Lincoln,0,0,0,1,0,1,0,1,0,0,1,0,1,0,0,0,1,0,0,0,434,0,0,0,0,0,0,0,0,0,0,0,4,0,0
MINI,0,0,0,0,0,0,0,0,0,0,1,0,0,0,0,0,0,0,0,0,0,541,0,0,0,0,0,0,0,0,0,0,2,0,0
Mazda,0,0,0,0,0,0,0,0,0,0,1,0,20,0,4,0,0,21,0,0,0,0,6965,0,106,0,0,0,0,0,14,0,0,31,0
Mitsubishi,0,0,0,0,1,0,0,3,0,0,18,1,3,0,0,1,2,1,0,1,0,1,0,2398,5,0,0,0,0,0,1,3,28,0,0
Nissan,0,0,0,0,0,0,0,0,0,0,4,16,49,0,31,2,0,60,0,0,0,0,86,0,11883,0,0,0,0,0,19,0,2,80,0
Opel,0,0,1,1,0,0,0,0,0,0,1,0,0,0,0,0,0,0,0,0,0,0,1,1,0,216,0,0,0,0,0,0,3,0,0
Peugeot,0,0,0,0,0,0,0,0,0,0,0,0,0,0,0,0,0,0,0,0,0,0,0,0,0,0,217,0,0,0,0,0,0,0,0
Porsche,0,0,1,0,0,0,0,0,0,0,1,0,0,0,0,0,0,0,1,0,0,0,0,0,0,0,0,515,0,0,0,0,1,0,0
Renault,0,0,0,1,0,0,0,1,0,0,4,0,0,1,0,0,0,0,0,0,0,0,0,0,0,0,1,0,687,0,0,0,1,0,0
Skoda,0,0,1,0,0,0,0,0,0,0,0,0,0,0,0,0,0,0,0,0,0,0,0,0,0,0,0,0,0,14,0,0,1,0,0
Subaru,0,0,0,0,0,0,0,0,0,0,0,1,7,0,2,0,0,10,0,0,0,0,10,1,19,0,0,0,0,0,3224,1,1,7,0
Suzuki,0,0,0,1,0,0,0,0,0,0,9,0,0,0,0,1,0,0,0,2,0,1,1,0,0,0,0,0,0,0,2,2123,19,0,0
Toyota,2,1,3,5,0,2,0,10,0,2,68,1,8,8,0,15,8,15,2,30,2,1,5,26,5,1,1,2,1,0,0,14,16605,8,1
Volkswagen,0,0,0,2,1,0,0,0,0,0,3,8,25,0,1,0,0,52,0,0,0,0,11,1,31,0,1,0,0,0,4,0,4,11957,0
Volvo,0,0,0,0,0,0,0,0,0,0,1,0,1,0,0,0,0,0,0,0,0,0,0,0,0,0,0,0,0,0,0,0,2,0,166
