label,platesmania_train_images,external_train_images
0,122,0
1,84,0
2,73,0
3,67,43
4,63,33
5,88,0
6,143,71
7,59,74
8,52,0
9,69,0
10,114,207
11,78,0
12,92,29
13,53,80
14,588,3
15,204,0
16,338,17
17,624,0
18,423,111
19,363,26
20,236,0
21,253,0
22,144,0
23,74,0
24,212,0
25,67,0
26,193,0
27,264,0
28,90,0
29,177,0
30,87,0
31,52,0
32,90,0
33,409,0
34,213,0
35,95,0
36,254,0
37,308,8
38,519,0
39,414,38
40,196,0
41,53,0
42,315,11
43,84,0
44,78,0
45,367,0
46,96,0
47,1920,0
48,41,0
49,281,0
50,150,58
51,47,0
52,58,0
53,37,0
54,353,25
55,195,0
56,408,48
57,266,5
58,573,71
59,1787,173
60,585,102
61,1762,420
62,486,90
63,518,13
64,209,19
65,241,175
66,396,0
67,552,69
68,349,0
69,569,317
70,202,0
71,585,123
72,506,0
73,134,0
74,476,0
75,252,0
76,354,0
77,106,0
78,414,0
79,341,0
80,353,0
81,421,0
82,416,0
83,370,0
84,930,0
85,570,55
86,528,0
87,1228,159
88,60,0
89,54,0
90,97,0
91,63,0
92,576,0
93,1715,109
94,73,0
95,550,32
96,606,82
97,77,0
98,449,0
99,210,0
100,112,0
101,210,0
102,51,0
103,340,0
104,142,0
105,141,0
106,315,0
107,56,0
108,455,0
109,542,33
110,515,0
111,501,29
112,398,29
113,340,0
114,138,0
115,548,0
116,292,0
117,573,267
118,399,0
119,448,0
120,393,0
121,278,0
122,319,0
123,433,0
124,450,0
125,66,0
126,40,0
127,218,0
128,131,0
129,233,0
130,196,142
131,169,34
132,99,0
133,88,0
134,105,0
135,42,0
136,146,0
137,245,0
138,82,0
139,47,0
140,178,50
141,66,31
142,239,197
143,132,0
144,248,0
145,200,0
146,234,0
147,199,0
148,109,0
149,57,0
150,91,28
151,107,0
152,640,0
153,91,0
154,185,0
155,217,0
156,82,0
157,105,0
158,207,0
159,359,87
160,99,0
161,168,0
162,373,0
163,79,0
164,316,0
165,510,33
166,310,0
167,137,0
168,304,121
169,193,0
170,46,0
171,268,0
172,102,0
173,297,123
174,157,0
175,85,0
176,55,0
177,160,0
178,183,0
179,237,0
180,133,0
181,155,77
182,42,121
183,98,0
184,92,0
185,76,0
186,305,0
187,110,0
188,87,0
189,217,0
190,218,33
191,423,93
192,201,0
193,242,33
194,43,0
195,139,0
196,1150,0
197,225,0
198,1607,0
199,1724,0
200,154,32
201,304,0
202,1039,0
203,78,0
204,1894,31
205,63,0
206,45,0
207,52,0
208,72,0
209,2080,53
210,160,0
211,156,0
212,478,0
213,828,0
214,865,0
215,673,0
216,287,0
217,1983,33
218,1493,0
219,87,0
220,266,0
221,1711,29
222,54,0
223,959,0
224,2090,0
225,46,0
226,88,0
227,233,0
228,2019,0
229,130,0
230,144,0
231,174,0
232,209,0
233,320,0
234,248,0
235,138,0
236,178,0
237,67,0
238,269,0
239,53,0
240,345,85
241,244,32
242,482,29
243,408,59
244,210,0
245,85,0
246,185,0
247,228,56
248,268,0
249,41,0
250,384,64
251,312,0
252,87,0
253,135,0
254,178,32
255,59,0
256,227,0
257,271,0
258,53,0
259,590,20
260,1996,0
261,258,0
262,1121,0
263,1984,83
264,765,0
265,2185,0
266,305,0
267,224,0
268,43,0
269,61,0
270,1111,0
271,658,0
272,64,0
273,105,0
274,56,3
275,1994,0
276,209,0
277,82,0
278,371,0
279,1959,28
280,2154,76
281,241,0
282,2419,31
283,55,0
284,1045,0
285,1330,47
286,260,0
287,224,0
288,958,0
289,1914,33
290,1718,0
291,254,0
292,1337,0
293,2227,62
294,689,0
295,2132,0
296,174,30
297,326,0
298,43,0
299,44,0
300,326,0
301,103,0
302,41,0
303,1021,0
304,634,0
305,96,0
306,717,0
307,182,0
308,108,0
309,2393,386
310,908,0
311,60,0
312,156,0
313,725,0
314,1485,420
315,226,0
316,123,32
317,175,0
318,1544,420
319,139,0
320,270,34
321,162,0
322,672,0
323,2400,240
324,157,0
325,621,0
326,828,0
327,2030,67
328,1527,136
329,108,0
330,307,0
331,357,0
332,318,0
333,114,0
334,848,0
335,77,0
336,690,0
337,330,0
338,711,0
339,1813,420
340,2395,33
341,2390,0
342,45,0
343,481,0
344,52,0
345,132,0
346,41,0
347,203,0
348,180,0
349,161,0
350,93,0
351,815,0
352,2259,6
353,40,0
354,261,0
355,1577,36
356,1569,364
357,2025,0
358,2462,0
359,69,0
360,139,0
361,130,0
362,2358,0
363,47,0
364,2178,0
365,80,0
366,81,0
367,207,0
368,335,0
369,2009,0
370,216,0
371,989,0
372,2158,0
373,635,0
374,2404,0
375,1948,420
376,1432,78
377,557,15
378,2359,28
379,339,0
380,59,0
381,672,0
382,131,0
383,86,0
384,1463,33
385,62,0
386,133,0
387,502,0
388,317,28
389,97,0
390,524,0
391,368,0
392,472,0
393,93,0
394,379,0
395,1941,48
396,1208,0
397,46,0
398,250,0
399,467,0
400,1271,30
401,108,0
402,61,0
403,636,0
404,1997,31
405,218,0
406,1992,61
407,1452,314
408,88,0
409,599,0
410,831,0
411,152,0
412,181,0
413,69,0
414,83,0
415,638,0
416,479,0
417,283,0
418,114,0
419,200,0
420,937,0
421,110,0
422,1945,0
423,745,0
424,1882,0
425,78,0
426,131,0
427,42,0
428,67,0
429,394,0
430,185,0
431,1768,234
432,668,0
433,768,0
434,2195,0
435,80,0
436,88,0
437,654,0
438,2368,249
439,2073,420
440,397,0
441,431,0
442,383,0
443,135,34
444,563,0
445,142,0
446,71,0
447,433,0
448,472,0
449,669,0
450,50,0
451,443,0
452,1443,0
453,2004,75
454,917,0
455,1248,235
456,84,0
457,814,0
458,1039,0
459,330,0
460,124,0
461,2025,0
462,186,0
463,60,0
464,2741,0
465,116,0
466,2079,0
467,186,0
468,1642,0
469,55,0
470,295,32
471,2204,71
472,47,0
473,733,0
474,813,3
475,360,0
476,389,0
477,526,0
478,118,0
479,212,0
480,72,0
481,970,0
482,189,0
483,47,0
484,126,0
485,821,0
486,639,0
487,41,0
488,432,0
489,506,0
490,121,0
491,198,0
492,308,0
493,2181,136
494,272,0
495,619,0
496,61,0
497,129,0
498,107,0
499,493,0
500,2096,0
501,2314,7
502,85,0
503,139,0
504,1709,0
505,612,0
506,914,0
507,262,0
508,129,0
509,2295,0
510,45,0
511,384,0
512,428,0
513,404,0
514,421,0
515,474,0
516,206,0
517,876,0
518,731,0
519,1394,0
520,43,0
521,43,0
522,131,0
523,44,0
524,52,0
525,107,0
526,88,0
527,107,0
528,458,0
529,1712,0
530,104,0
531,1281,0
532,261,0
533,1207,0
534,415,0
535,168,0
536,198,0
537,1070,0
538,116,0
539,322,0
540,259,0
541,113,0
542,59,0
543,101,0
544,298,0
545,148,0
546,2359,0
547,167,0
548,527,0
549,165,0
550,85,0
551,605,0
552,149,0
553,83,0
554,569,0
555,133,0
556,572,203
557,62,0
558,49,0
559,42,0
560,278,6
561,51,0
562,147,67
563,199,30
564,236,0
565,101,0
566,332,89
567,175,0
568,531,158
569,63,0
570,146,0
571,102,0
572,294,0
573,253,32
574,275,0
575,392,144
576,66,0
577,158,0
578,202,54
579,338,58
580,986,169
581,857,0
582,1375,150
583,489,0
584,59,0
585,110,0
586,1793,0
587,248,0
588,1396,0
589,731,0
590,581,0
591,774,0
592,333,0
593,1719,0
594,503,0
595,1301,0
596,816,0
597,50,0
598,53,28
599,69,0
600,83,0
601,56,0
602,72,0
603,86,0
604,445,0
605,434,0
606,151,0
607,99,0
608,71,0
609,61,0
610,51,0
611,63,0
612,69,0
613,1007,0
614,1863,0
615,832,0
616,2427,0
617,88,0
618,1490,0
619,1276,280
620,1310,0
621,1977,226
622,465,0
623,44,0
624,1599,33
625,1648,146
626,1462,12
627,566,0
628,1350,115
629,262,0
630,68,0
631,618,0
632,550,0
633,293,0
634,85,26
635,366,0
636,49,0
637,988,4
638,2085,7
639,1019,104
640,365,0
641,1375,156
642,44,0
643,1078,0
644,198,420
645,45,0
646,761,0
647,134,0
648,140,0
649,2425,0
650,859,0
651,2459,0
652,975,0
653,119,0
654,290,0
655,840,0
656,102,0
657,769,0
658,230,0
659,705,0
660,579,0
661,352,0
662,153,0
663,659,0
664,68,0
665,75,0
666,302,0
667,126,0
668,1127,0
669,164,0
670,2534,0
671,1293,0
672,1439,0
673,135,0
674,113,0
675,1141,12
676,817,0
677,968,0
678,42,0
679,889,0
680,181,0
681,457,0
682,65,0
683,958,31
684,183,0
685,923,0
686,506,0
687,1536,0
688,1401,0
689,223,0
690,513,0
691,1546,267
692,2067,21
693,488,0
694,1654,233
695,761,0
696,1091,0
697,873,0
698,609,90
699,45,0
700,1587,31
701,1192,50
702,2075,72
703,1119,59
704,692,128
705,1007,132
706,557,0
707,1216,110
708,792,0
709,1432,0
710,83,0
711,803,0
712,1764,137
713,1334,112
714,1516,0
715,1503,0
716,1506,207
717,405,0
718,1948,0
719,164,0
720,2385,0
721,938,0
722,981,0
723,1632,29
724,1595,0
725,1934,84
726,817,0
727,1004,0
728,2405,0
729,1607,0
730,2192,36
731,2472,0
732,1467,0
733,1264,16
734,79,0
735,48,0
736,965,0
737,67,0
738,962,0
739,1005,0
740,1651,0
741,951,0
742,523,0
743,988,0
744,1385,0
745,2414,0
746,2539,0
747,398,0
748,1197,153
749,146,0
750,1734,0
751,1388,143
752,343,0
753,157,0
754,1984,0
755,258,0
756,951,0
757,99,0
758,83,0
759,38,0
760,673,0
761,1187,0
762,70,0
763,54,0
764,1037,0
765,514,0
766,70,0
767,60,0
768,58,0
769,135,0
770,1730,9
771,845,0
772,809,0
773,2717,0
774,482,0
775,209,0
776,53,0
777,1885,4
778,91,0
779,139,0
780,279,0
781,217,0
782,1568,0
783,1912,38
784,47,0
785,649,0
786,60,0
787,61,0
788,1011,0
789,1669,26
790,485,0
791,987,0
792,665,0
793,1405,165
794,585,0
795,1233,0
796,1418,13
797,1299,8
798,902,83
799,981,0
800,1348,53
801,1628,0
802,158,0
803,802,0
804,1454,230
805,1518,13
806,1350,95
807,953,0
808,1846,0
809,854,0
810,607,0
811,280,0
812,1948,0
813,405,34
814,501,0
815,2514,0
816,1891,0
817,922,48
818,1235,73
819,694,64
820,1847,0
821,606,0
822,374,0
823,895,0
824,298,0
825,44,0
826,56,0
827,703,0
828,1722,0
829,970,0
830,662,0
831,429,0
832,313,0
833,1090,0
834,290,0
835,63,0
836,306,0
837,307,0
838,149,0
839,497,0
840,641,0
841,176,0
842,143,0
843,63,0
844,113,0
845,74,0
846,991,0
847,456,0
848,388,0
849,368,0
850,66,0
851,807,0
852,265,0
853,810,0
854,1136,0
855,1294,0
856,2625,0
857,1080,0
858,263,0
859,736,0
860,1670,53
861,1391,0
862,126,0
863,275,0
864,388,0
865,123,0
866,43,0
867,547,0
868,117,0
869,1305,0
870,56,0
871,59,0
872,1360,43
873,162,0
874,73,0
875,55,0
876,588,0
877,125,0
878,66,0
879,1248,0
880,875,0
881,1746,39
882,373,0
883,299,0
884,586,14
885,709,0
886,307,0
887,48,0
888,156,0
889,57,29
890,275,0
891,2401,210
892,74,0
893,390,0
894,654,0
895,74,0
896,2115,6
897,1382,14
898,132,0
899,104,0
900,1199,33
901,694,13
902,818,0
903,41,0
904,694,0
905,51,0
906,232,0
907,931,0
908,471,0
909,160,0
910,937,0
911,1522,64
912,203,0
913,1965,0
914,1560,291
915,919,95
916,51,0
917,156,0
918,2144,0
919,697,0
920,75,0
921,44,0
922,95,0
923,2165,0
924,930,7
925,609,0
926,1579,0
927,41,0
928,823,0
929,156,0
930,1435,0
931,117,0
932,94,0
933,58,0
934,130,0
935,589,0
936,1030,412
937,187,0
938,1001,11
939,2390,0
940,1055,252
941,819,0
942,833,0
943,449,0
944,654,0
945,108,0
946,768,0
947,1700,0
948,480,0
949,192,0
950,445,0
951,861,0
952,1318,108
953,1348,0
954,125,0
955,1792,420
956,1733,372
957,2310,0
958,1840,56
959,2091,420
960,163,0
961,1007,0
962,2305,0
963,134,420
964,71,0
965,690,0
966,140,0
967,1801,34
968,394,0
969,1741,0
970,232,0
971,190,0
972,208,0
973,1302,173
974,1901,13
975,259,118
976,86,0
977,1206,0
978,2159,198
979,1259,0
980,1295,0
981,362,0
982,2117,27
983,263,0
984,66,0
985,585,0
986,61,0
987,298,0
988,616,0
989,275,0
990,198,0
991,145,0
992,271,0
993,1623,52
994,296,0
995,2344,0
996,92,0
997,1738,158
998,774,0
999,910,0
1000,808,0
1001,1145,67
1002,2242,42
1003,1835,16
1004,774,122
1005,944,34
1006,809,0
1007,1844,0
1008,804,0
1009,1771,95
1010,1681,51
1011,936,0
1012,1098,29
1013,2226,0
1014,105,0
1015,860,0
1016,1538,131
1017,1229,42
1018,1183,0
1019,1230,0
1020,2278,170
1021,608,28
1022,269,0
1023,1895,122
1024,784,5
1025,2301,38
1026,660,0
1027,1459,0
1028,910,0
1029,569,0
1030,1340,32
1031,155,357
1032,427,0
1033,595,0
1034,2029,0
1035,997,0
1036,684,0
1037,1277,0
1038,997,0
1039,821,0
1040,44,0
1041,1778,81
1042,620,0
1043,779,0
1044,2398,0
1045,751,147
1046,937,0
1047,276,0
1048,879,0
1049,1879,22
1050,545,0
1051,702,0
1052,497,0
1053,939,0
1054,975,0
1055,770,0
1056,196,145
1057,497,0
1058,648,0
1059,1341,0
1060,1120,0
1061,852,0
1062,1059,0
1063,2184,47
1064,1847,0
1065,107,0
1066,178,0
1067,704,0
1068,1086,0
1069,1500,0
1070,1454,179
1071,1378,10
1072,462,0
1073,1796,0
1074,1024,0
1075,183,0
1076,239,0
1077,153,0
1078,1328,8
1079,667,0
1080,1416,122
1081,1029,0
1082,439,0
1083,1067,0
1084,643,0
1085,459,0
1086,331,0
1087,465,0
1088,684,0
1089,69,0
1090,794,0
1091,751,0
1092,105,0
1093,867,0
1094,856,0
1095,2445,44
1096,1589,55
1097,2414,0
1098,2170,0
1099,897,0
1100,72,0
1101,1620,264
1102,981,0
1103,275,0
1104,356,0
1105,485,0
1106,1698,0
1107,1116,29
1108,1953,0
1109,1235,0
1110,315,0
1111,923,0
1112,866,0
1113,846,0
1114,984,0
1115,2353,0
1116,857,0
1117,1511,0
1118,1679,0
1119,534,0
1120,400,0
1121,463,0
1122,897,0
1123,1224,0
1124,766,0
1125,2270,0
1126,677,0
1127,1662,0
1128,839,0
1129,1584,1
1130,1745,64
1131,624,0
1132,1060,0
1133,1546,0
1134,458,0
1135,837,0
1136,1296,0
1137,1027,0
1138,2433,350
1139,1738,90
1140,713,14
1141,315,0
1142,1918,0
1143,877,0
1144,1930,32
1145,2434,0
1146,2016,0
1147,1680,91
1148,979,306
1149,57,0
1150,961,0
1151,957,0
1152,2174,35
1153,1623,420
1154,1798,0
1155,1611,0
1156,43,0
1157,55,0
1158,1297,0
1159,1795,125
1160,47,0
1161,275,0
1162,44,0
1163,257,0
1164,2398,6
1165,195,0
1166,2260,0
1167,490,0
1168,2393,420
1169,2205,0
1170,2346,202
1171,55,201
1172,763,0
1173,2424,0
1174,1182,0
1175,1006,0
1176,958,0
1177,1325,0
1178,2306,0
1179,259,0
1180,119,0
1181,1513,420
1182,79,0
1183,1619,0
1184,2364,0
1185,82,0
1186,2360,29
1187,150,0
1188,498,155
1189,2415,3
1190,350,243
1191,1276,15
1192,56,0
1193,42,0
1194,1952,420
1195,1232,24
1196,2284,44
1197,1016,0
1198,1742,249
1199,59,0
1200,449,0
1201,349,0
1202,273,343
1203,1342,0
1204,149,0
1205,903,131
1206,2387,420
1207,139,0
1208,2395,0
1209,2387,0
1210,41,0
1211,2319,0
1212,226,0
1213,1526,0
1214,290,0
1215,205,0
1216,1171,0
1217,1153,0
1218,258,0
1219,1810,384
1220,1554,420
1221,1798,337
1222,2386,420
1223,696,0
1224,720,0
1225,113,0
1226,71,0
1227,217,0
1228,2355,3
1229,129,0
1230,92,0
1231,80,0
1232,40,0
1233,1089,41
1234,1356,0
