,Acura,Alfa Romeo,Audi,BMW,Buick,Cadillac,Chevrolet,Chrysler,Cupra,Dodge,Ford,Honda,Hyundai,Isuzu,Jeep,Kia,Land Rover,Lexus,Lincoln,MINI,Mazda,Mitsubishi,Nissan,Opel,Peugeot,Porsche,Renault,Skoda,Suzuki,Toyota,Volkswagen,Volvo
Acura,0.7579617834394905,0.0,0.0,0.0,0.0,0.0,0.0,0.01910828025477707,0.0,0.0,0.01910828025477707,0.06369426751592357,0.012738853503184714,0.006369426751592357,0.0,0.0,0.0,0.01910828025477707,0.0,0.0,0.006369426751592357,0.006369426751592357,0.0,0.006369426751592357,0.0,0.006369426751592357,0.006369426751592357,0.0,0.0,0.07006369426751592,0.0,0.0
Alfa Romeo,0.0007776049766718507,0.9517884914463453,0.0023328149300155523,0.004665629860031105,0.0,0.0023328149300155523,0.0,0.003110419906687403,0.0007776049766718507,0.0,0.012441679626749611,0.0007776049766718507,0.0038880248833592537,0.0,0.0007776049766718507,0.0,0.0,0.0,0.0,0.0,0.0,0.0038880248833592537,0.0,0.0,0.0007776049766718507,0.0015552099533437014,0.0,0.0,0.0,0.01010886469673406,0.0,0.0
Audi,0.0,0.001644736842105263,0.9736842105263158,0.001644736842105263,0.0,0.0010964912280701754,0.0005482456140350877,0.001644736842105263,0.0,0.0,0.009868421052631578,0.0,0.0010964912280701754,0.0,0.0,0.0,0.0,0.0010964912280701754,0.0005482456140350877,0.0,0.0,0.0010964912280701754,0.0,0.0005482456140350877,0.0,0.0,0.0,0.0005482456140350877,0.0,0.004934210526315789,0.0,0.0
BMW,0.0004861448711716091,0.002916869227029655,0.0024307243558580457,0.9547885269810403,0.0014584346135148275,0.0004861448711716091,0.0,0.0009722897423432182,0.0,0.0004861448711716091,0.013612056392805057,0.0004861448711716091,0.0004861448711716091,0.0,0.0,0.0,0.0,0.0004861448711716091,0.0,0.0004861448711716091,0.0,0.0004861448711716091,0.0,0.0,0.0004861448711716091,0.0,0.0014584346135148275,0.0,0.01118133203694701,0.0053475935828877,0.0014584346135148275,0.0
Buick,0.0019157088122605363,0.0019157088122605363,0.0,0.007662835249042145,0.7701149425287356,0.019157088122605363,0.009578544061302681,0.06896551724137931,0.0,0.007662835249042145,0.07471264367816093,0.0,0.005747126436781609,0.0,0.0,0.0,0.0,0.0019157088122605363,0.0038314176245210726,0.0019157088122605363,0.0,0.0019157088122605363,0.0,0.0,0.0,0.0,0.0038314176245210726,0.0019157088122605363,0.0,0.01532567049808429,0.0019157088122605363,0.0
Cadillac,0.0,0.003708281829419036,0.0012360939431396785,0.0,0.0173053152039555,0.9085290482076638,0.0012360939431396785,0.012360939431396786,0.0,0.0,0.03337453646477132,0.0,0.0012360939431396785,0.0,0.0,0.0,0.0012360939431396785,0.0012360939431396785,0.002472187886279357,0.0,0.0,0.0,0.0,0.0,0.0,0.0,0.0,0.0,0.0012360939431396785,0.014833127317676144,0.0,0.0
Chevrolet,0.0,0.0,0.0036363636363636364,0.0036363636363636364,0.025454545454545455,0.01090909090909091,0.7090909090909091,0.02909090909090909,0.0,0.0036363636363636364,0.15636363636363637,0.0,0.0,0.0,0.007272727272727273,0.0,0.0,0.0,0.0,0.0,0.0,0.02181818181818182,0.0,0.0036363636363636364,0.0,0.0,0.0,0.0,0.0,0.025454545454545455,0.0,0.0
Chrysler,0.0,0.0009328358208955224,0.0006218905472636816,0.0012437810945273632,0.007462686567164179,0.004353233830845771,0.003109452736318408,0.9390547263681592,0.0,0.004975124378109453,0.02332089552238806,0.0,0.0006218905472636816,0.0,0.0006218905472636816,0.0,0.0,0.0,0.0003109452736318408,0.0,0.0,0.0021766169154228856,0.0,0.0,0.0003109452736318408,0.0003109452736318408,0.0003109452736318408,0.0,0.0012437810945273632,0.009017412935323384,0.0,0.0
Cupra,0.0,0.0,0.0,0.0,0.0,0.0,0.0,0.0,0.9937106918238994,0.0,0.0,0.0,0.006289308176100629,0.0,0.0,0.0,0.0,0.0,0.0,0.0,0.0,0.0,0.0,0.0,0.0,0.0,0.0,0.0,0.0,0.0,0.0,0.0
Dodge,0.0,0.007407407407407408,0.001851851851851852,0.001851851851851852,0.012962962962962963,0.007407407407407408,0.018518518518518517,0.11481481481481481,0.0,0.6462962962962963,0.1425925925925926,0.0,0.001851851851851852,0.003703703703703704,0.001851851851851852,0.0,0.001851851851851852,0.001851851851851852,0.0,0.0,0.0,0.011111111111111112,0.0,0.0,0.0,0.003703703703703704,0.001851851851851852,0.0,0.0,0.018518518518518517,0.0,0.0
Ford,0.00015730690577316344,0.0013371086990718892,0.0009438414346389807,0.0011011483404121441,0.0017303759635047978,0.0018876828692779614,0.0012584552461853075,0.0081799591002045,0.0,0.00228095013371087,0.9459650778669183,0.00015730690577316344,0.0022022966808242883,0.002044989775051125,0.00275287085103036,0.0003146138115463269,0.0,0.00015730690577316344,0.0007865345288658172,0.0003932672644329086,0.00015730690577316344,0.003067484662576687,0.00023596035865974517,0.00015730690577316344,0.0,0.00023596035865974517,0.0008651879817523989,0.00015730690577316344,0.0016517225106182161,0.018798175239893033,0.00023596035865974517,0.0007865345288658172
Honda,0.010067114093959731,0.0,0.010067114093959731,0.0,0.0,0.0,0.0,0.0,0.0,0.0,0.013422818791946308,0.8221476510067114,0.006711409395973154,0.0,0.003355704697986577,0.0,0.0,0.006711409395973154,0.0,0.0,0.0,0.03355704697986577,0.003355704697986577,0.0,0.0,0.0,0.0,0.0,0.016778523489932886,0.0738255033557047,0.0,0.0
Hyundai,0.0,0.0,0.001838235294117647,0.0027573529411764708,0.001838235294117647,0.001838235294117647,0.0,0.007352941176470588,0.0,0.0009191176470588235,0.034926470588235295,0.0009191176470588235,0.8354779411764706,0.006433823529411764,0.001838235294117647,0.001838235294117647,0.0009191176470588235,0.003676470588235294,0.0055147058823529415,0.0,0.001838235294117647,0.006433823529411764,0.001838235294117647,0.001838235294117647,0.001838235294117647,0.0,0.004595588235294118,0.0,0.0055147058823529415,0.06709558823529412,0.0009191176470588235,0.0
Isuzu,0.0,0.0,0.0037593984962406013,0.0,0.0018796992481203006,0.0,0.0,0.0018796992481203006,0.0,0.0,0.08270676691729323,0.0,0.007518796992481203,0.7875939849624061,0.005639097744360902,0.0018796992481203006,0.0,0.0018796992481203006,0.0,0.0,0.0,0.020676691729323307,0.0,0.0,0.0,0.0,0.0,0.0,0.007518796992481203,0.07330827067669173,0.0,0.0037593984962406013
Jeep,0.0,0.0,0.0012970168612191958,0.0,0.0,0.00043233895373973193,0.00043233895373973193,0.00043233895373973193,0.0,0.00043233895373973193,0.010376134889753566,0.0,0.0,0.0,0.9796800691742326,0.0,0.0,0.00043233895373973193,0.0,0.0,0.0,0.0,0.0,0.0,0.0,0.0,0.0,0.0,0.0017293558149589277,0.004755728491137051,0.0,0.0
Kia,0.0,0.007575757575757576,0.011363636363636364,0.003787878787878788,0.0,0.0,0.0,0.0,0.003787878787878788,0.0,0.04924242424242424,0.0,0.03409090909090909,0.003787878787878788,0.0,0.8106060606060606,0.0,0.007575757575757576,0.007575757575757576,0.0,0.0,0.003787878787878788,0.007575757575757576,0.0,0.0,0.0,0.007575757575757576,0.0,0.0,0.041666666666666664,0.0,0.0
Land Rover,0.0,0.0,0.005763688760806916,0.0,0.0,0.0,0.0,0.0,0.0,0.0,0.020172910662824207,0.0,0.0,0.0,0.0,0.0,0.9567723342939481,0.0,0.0,0.0,0.0,0.002881844380403458,0.0,0.0,0.0,0.0,0.0,0.0,0.005763688760806916,0.008645533141210375,0.0,0.0
Lexus,0.0003586800573888092,0.0,0.0007173601147776184,0.0007173601147776184,0.0,0.0,0.0,0.0003586800573888092,0.0,0.0,0.002510760401721664,0.0010760401721664275,0.0014347202295552368,0.0,0.0,0.0,0.0,0.9505021520803444,0.0,0.0,0.0003586800573888092,0.0007173601147776184,0.0003586800573888092,0.0,0.0003586800573888092,0.0003586800573888092,0.0,0.0,0.0003586800573888092,0.039813486370157816,0.0,0.0
Lincoln,0.0,0.0,0.0,0.0,0.0,0.0,0.0,0.006756756756756757,0.0,0.0022522522522522522,0.018018018018018018,0.0,0.0,0.0022522522522522522,0.0,0.0,0.0,0.0,0.9662162162162162,0.0,0.0,0.0,0.0,0.0,0.0,0.0,0.0,0.0,0.0,0.0045045045045045045,0.0,0.0
MINI,0.0,0.0,0.0,0.0,0.0,0.0,0.0,0.0,0.0,0.0,0.001838235294117647,0.0,0.0,0.0,0.0,0.0,0.0,0.0,0.0,0.9981617647058824,0.0,0.0,0.0,0.0,0.0,0.0,0.0,0.0,0.0,0.0,0.0,0.0
Mazda,0.0,0.0037174721189591076,0.0,0.0,0.0,0.0,0.0,0.007434944237918215,0.0,0.0,0.0037174721189591076,0.0,0.0037174721189591076,0.0,0.0,0.0,0.0,0.0,0.0,0.0,0.9553903345724907,0.0037174721189591076,0.0,0.0037174721189591076,0.0,0.0,0.0,0.0,0.0,0.01486988847583643,0.0037174721189591076,0.0
Mitsubishi,0.00040535062829347385,0.0008107012565869477,0.0012160518848804217,0.0008107012565869477,0.0,0.0,0.00040535062829347385,0.0044588569112282124,0.0,0.00040535062829347385,0.012160518848804215,0.0,0.002837454398054317,0.0064856100526955816,0.0012160518848804217,0.0,0.00040535062829347385,0.0,0.0,0.00040535062829347385,0.0,0.9124442642886097,0.0012160518848804217,0.0,0.00040535062829347385,0.0012160518848804217,0.00526955816781516,0.0,0.004053506282934738,0.04296716659910823,0.00040535062829347385,0.0
Nissan,0.0,0.0,0.0,0.003430531732418525,0.0,0.0,0.0,0.0,0.0,0.0,0.008576329331046312,0.0,0.003430531732418525,0.0,0.0,0.0,0.0,0.0,0.0,0.0,0.0,0.00686106346483705,0.9485420240137221,0.0,0.0,0.0,0.0017152658662092624,0.0,0.0,0.0274442538593482,0.0,0.0
Opel,0.0,0.0,0.008928571428571428,0.0,0.0,0.0,0.0,0.0,0.0,0.0,0.004464285714285714,0.0,0.0,0.0,0.0,0.0,0.0,0.0,0.0,0.0,0.004464285714285714,0.004464285714285714,0.0,0.9419642857142857,0.004464285714285714,0.0,0.0,0.0,0.004464285714285714,0.022321428571428572,0.004464285714285714,0.0
Peugeot,0.0,0.0,0.0,0.004629629629629629,0.0,0.0,0.0,0.0,0.0,0.0,0.009259259259259259,0.0,0.004629629629629629,0.0,0.0,0.0,0.0,0.0,0.0,0.0,0.0,0.0,0.0,0.0,0.9675925925925926,0.0,0.0,0.0,0.0,0.013888888888888888,0.0,0.0
Porsche,0.0,0.0038535645472061657,0.0038535645472061657,0.0,0.0,0.0,0.0,0.0019267822736030828,0.0,0.0,0.0038535645472061657,0.0,0.0,0.0,0.0019267822736030828,0.0,0.0,0.0,0.0,0.0019267822736030828,0.0,0.0,0.0,0.0,0.0,0.9788053949903661,0.0,0.0,0.0,0.0038535645472061657,0.0,0.0
Renault,0.0,0.0014367816091954023,0.0,0.0,0.0,0.0,0.0,0.0014367816091954023,0.0,0.0,0.010057471264367816,0.0,0.0,0.0,0.0,0.0,0.0,0.0,0.0,0.0,0.0,0.0028735632183908046,0.0,0.0,0.0,0.0014367816091954023,0.9727011494252874,0.0,0.0014367816091954023,0.007183908045977011,0.0014367816091954023,0.0
Skoda,0.0,0.0,0.0,0.0,0.0,0.0,0.0,0.0,0.0,0.0,0.0,0.0,0.0,0.0,0.0,0.0,0.0,0.0,0.0,0.0,0.0,0.0,0.0,0.0,0.0,0.0,0.0,0.875,0.0,0.125,0.0,0.0
Suzuki,0.0,0.0,0.000462962962962963,0.002777777777777778,0.000462962962962963,0.0,0.000462962962962963,0.000925925925925926,0.0,0.0,0.004166666666666667,0.0,0.000462962962962963,0.000462962962962963,0.002777777777777778,0.0,0.000462962962962963,0.000462962962962963,0.0,0.0,0.0,0.003703703703703704,0.000462962962962963,0.0,0.000462962962962963,0.0,0.001388888888888889,0.0,0.9652777777777778,0.014814814814814815,0.0,0.0
Toyota,0.00023736055067647758,0.0006527415143603133,0.0007714217896985521,0.0011868027533823878,0.00047472110135295516,0.00029670068834559694,0.00035604082601471633,0.0023736055067647755,5.9340137669119395e-05,0.00035604082601471633,0.013529551388559222,0.00035604082601471633,0.0024922857821030146,0.002254925231426537,0.001364823166389746,0.00017802041300735816,5.9340137669119395e-05,0.004391170187514835,0.0007714217896985521,0.00023736055067647758,0.00017802041300735816,0.004391170187514835,0.00023736055067647758,5.9340137669119395e-05,0.00029670068834559694,0.0005934013766911939,0.0008307619273676715,0.0,0.002551625919772134,0.95822454308094,0.00017802041300735816,5.9340137669119395e-05
Volkswagen,0.0,0.002652519893899204,0.021220159151193633,0.0,0.0,0.0,0.0,0.002652519893899204,0.0,0.0,0.013262599469496022,0.0,0.0,0.0,0.0,0.0,0.0,0.002652519893899204,0.0,0.0,0.0,0.007957559681697613,0.0,0.0,0.0,0.0,0.0,0.0,0.0,0.026525198938992044,0.9230769230769231,0.0
Volvo,0.0,0.0,0.0,0.0,0.0,0.0,0.0,0.0,0.0,0.0,0.01775147928994083,0.0,0.0,0.0,0.0,0.0,0.0,0.0,0.0,0.0,0.0,0.0,0.0,0.0,0.0,0.0,0.0,0.0,0.0,0.005917159763313609,0.0,0.9763313609467456
