epoch,accuracy,learning_rate,loss,top_5_accuracy,val_accuracy,val_loss,val_top_5_accuracy
0,0.6508319973945618,9.999999747378752e-05,1.2128468751907349,0.9026648998260498,0.8450039029121399,0.5302504301071167,0.9761652946472168
1,0.7905564904212952,9.999999747378752e-05,0.6971150040626526,0.964812159538269,0.8874197602272034,0.38673532009124756,0.984151303768158
2,0.8246887922286987,9.999999747378752e-05,0.5812968611717224,0.973364531993866,0.9034976363182068,0.3343406319618225,0.9869896173477173
3,0.8420711755752563,9.999999747378752e-05,0.5205727815628052,0.9778445363044739,0.9112015962600708,0.30609485507011414,0.9885057210922241
4,0.8537218570709229,9.999999747378752e-05,0.4802052080631256,0.9809803366661072,0.9187645316123962,0.2827034294605255,0.9894930124282837
5,0.8620428442955017,9.999999747378752e-05,0.4505152404308319,0.9830385446548462,0.9236478209495544,0.26523905992507935,0.9905331134796143
6,0.8700398802757263,9.999999747378752e-05,0.4251788854598999,0.9843959808349609,0.9259220361709595,0.25528937578201294,0.9906036257743835
7,0.8739910125732422,9.999999747378752e-05,0.40781593322753906,0.9856013655662537,0.9277907013893127,0.24844671785831451,0.990868091583252
8,0.8792202472686768,9.999999747378752e-05,0.391397625207901,0.9866018295288086,0.9306642413139343,0.2421146035194397,0.9913793206214905
9,0.8834204077720642,9.999999747378752e-05,0.3784710466861725,0.9871461391448975,0.9311931729316711,0.23996278643608093,0.9910796284675598
10,0.8861639499664307,9.999999747378752e-05,0.3676981031894684,0.9880980849266052,0.9347894787788391,0.2321016639471054,0.9913440346717834
11,0.8889251351356506,9.999999747378752e-05,0.3546125292778015,0.9888076782226562,0.9371694326400757,0.2227039337158203,0.9921020865440369
12,0.8918383717536926,9.999999747378752e-05,0.3465929925441742,0.9894070625305176,0.9378217458724976,0.22041632235050201,0.9921020865440369
13,0.8942975997924805,9.999999747378752e-05,0.33913111686706543,0.9898169636726379,0.9377512335777283,0.21903875470161438,0.9918729066848755
14,0.8964571952819824,9.999999747378752e-05,0.331987589597702,0.9901298880577087,0.9399725198745728,0.21214160323143005,0.9921550154685974
0,0.6869907975196838,9.999999747378752e-05,1.022550106048584,0.9391387701034546,0.852871835231781,0.4798067510128021,0.9840040802955627
1,0.8137176632881165,9.999999747378752e-05,0.5935987234115601,0.9782106280326843,0.8881825804710388,0.3640659749507904,0.9886106252670288
2,0.8421833515167236,9.999999747378752e-05,0.502458393573761,0.9830586314201355,0.9036526083946228,0.3170970678329468,0.9909048080444336
3,0.8580977320671082,9.999999747378752e-05,0.4519893229007721,0.9857076406478882,0.910263180732727,0.2912304699420929,0.9917481541633606
