make_id,make_name,num_models,total_samples,correct_samples,accuracy_pct,macro_acc_pct,best_model,worst_model,rank
84,Brabus,1,18,3,16.67,16.67,Brabus S Class (16.67%),Brabus S Class (16.67%),1
128,SAAB,1,14,4,28.57,28.57,SAAB D70 (28.57%),SAAB D70 (28.57%),2
155,Lufeng,2,42,18,42.86,48.22,Landwind X5 (64.29%),Landwind X8 (32.14%),3
106,Jonway,1,9,4,44.44,44.44,Yongyuan A380 (44.44%),Yongyuan A380 (44.44%),4
69,Geely,6,182,86,47.25,45.96,Geely EC8 (70.83%),Geely SC7 (26.67%),5
80,Wealeak,1,10,5,50.0,50.0,WeaLink X5 (50.0%),WeaLink X5 (50.0%),6
103,Opel,3,80,40,50.0,52.33,Zafira (61.54%),Antara (46.88%),7
94,Subaru,2,55,28,50.91,50.34,Impreza sedan (56.67%),Impreza hatchback (44.0%),8
70,Venucia,2,44,23,52.27,52.94,Venucia R50 (57.89%),Venucia D50 (48.0%),9
119,Everus,1,21,11,52.38,52.38,Linian S1 (52.38%),Linian S1 (52.38%),10
118,Hyundai ,14,326,171,52.45,51.66,Veloster (92.59%),Mistra (10.0%),11
81,BWM,18,799,423,52.94,52.58,BWM X6 (76.32%),BWM X5 (25.68%),12
100,Honda,7,270,145,53.7,55.49,Honda CR-V (74.29%),Civic (43.59%),13
76,Besturn,4,186,100,53.76,53.45,Besturn X80 (82.14%),Besturn B90 (24.14%),14
35,Dongfengfengshen,4,122,67,54.92,58.53,Fengshen CROSS (75.0%),Fengshen S30 (38.78%),15
108,Jianghuai,7,240,132,55.0,52.53,Heyue RS (87.3%),Heyue (24.44%),16
88,GAC,1,9,5,55.56,55.56,Saboo GX5 (55.56%),Saboo GX5 (55.56%),17
73,Volkswagen,30,1125,635,56.44,56.18,Cross Lavida (100.0%),Magotan (18.52%),18
28,Mitsubishi,7,278,162,58.27,52.68,Pajero (81.82%),Mitsubishi Fortis (20.0%),19
114,Haima,8,190,111,58.42,58.34,Haima S7 (84.62%),Qiubite (20.69%),20
64,Huatai,1,15,9,60.0,60.0,Lusheng E70 (60.0%),Lusheng E70 (60.0%),21
38,Zhonghua,10,225,135,60.0,62.99,Zhonghua H330 (87.5%),Zhonghua Junjie (26.92%),22
134,FIAT,4,106,64,60.38,47.18,FIAT 500 (91.67%),Zhiyue (15.38%),23
122,Ford,11,360,219,60.83,61.13,Ecosport (86.21%),New Focus hatchback (33.33%),24
157,Chevy,13,471,288,61.15,55.48,Camaro (84.62%),Cruze hatchback (27.27%),25
39,Toyota,15,548,337,61.5,64.51,Prius (100.0%),Crown (31.43%),26
159,Lexus,11,322,199,61.8,58.43,Lexus IS convertible  (100.0%),Lexus ES (28.57%),27
162,MAZDA,14,376,237,63.03,62.35,Mazda 5 (93.75%),Mazda CX7 (33.33%),28
102,Peugeot,15,450,285,63.33,63.91,Peugeot 308 (83.33%),Peugeot 207 sedan (23.81%),29
140,KIA,12,431,276,64.04,60.9,Soul (79.66%),KIA K3 (42.86%),30
78,Audi,18,891,574,64.42,63.41,Audi TT coupe (82.93%),Audi A5 hatchback (32.69%),31
131,Infiniti,6,214,139,64.95,66.23,Infiniti G Class (85.71%),Infiniti Q70L (53.57%),32
105,BYD,7,210,137,65.24,63.52,BYD M6 (86.96%),BYD G3 (44.44%),33
95,Skoda,7,283,186,65.72,61.96,Fabia (79.03%),Superb (35.71%),34
53,Cadillac,5,213,140,65.73,66.45,Cadillac SRX (85.19%),Seville SLS (47.92%),35
77,Benz,13,614,405,65.96,66.74,Benz G Class AMG (88.89%),Benz A Class (37.5%),36
97,Nissan,10,404,270,66.83,62.58,Nissan GT-R (93.75%),New Sylphy (42.86%),37
92,Jaguar,2,128,87,67.97,66.97,Gaguar XF (79.71%),Gaguar XJ (54.24%),38
152,Changan,13,267,182,68.16,64.89,Yidong (94.29%),Ruiping (20.0%),39
27,Yiqi,4,82,56,68.29,68.4,Weizhi V5 (83.33%),Weizhi (50.0%),40
138,Qoros,1,16,11,68.75,68.75,Qoros 3 (68.75%),Qoros 3 (68.75%),41
36,Dongfengfengxing,2,42,29,69.05,79.69,Lingzhi (100.0%),Jingyi (59.38%),42
160,Renault,4,110,76,69.09,58.16,Koleos (81.25%),Wind Lang (33.33%),43
14,MG,6,149,104,69.8,69.38,MG3 SW (92.86%),MG5 (53.85%),44
48,Porsche,4,212,149,70.28,69.76,Cayman (88.68%),Canyenne (58.14%),45
58,BAW,2,41,29,70.73,52.44,BAW E Series hatchback (96.55%),BAW E Series sedan  (8.33%),46
4,DS,4,108,77,71.3,67.4,DS 3 (76.32%),DS 5LS (46.15%),47
111,Volvo,11,558,405,72.58,68.74,Volvo XC90 abroad version (86.25%),Volvo S40 (48.15%),48
68,Shuanglong,1,11,8,72.73,72.73,Kyron (72.73%),Kyron (72.73%),49
75,Chrey,14,283,206,72.79,66.26,Chrey X1 (100.0%),Fulwin 2 hatchback (25.0%),50
158,Citroen,7,345,253,73.33,66.75,c-Elysee sedan (90.28%),Elysee (23.08%),51
54,Buck,10,438,325,74.2,73.42,Buick GL8 Luxury Business (97.3%),Enclave (47.37%),52
55,Lifan,3,63,47,74.6,65.69,Lifan 320 (89.19%),Lifan 520 (53.33%),53
150,GreatWall,7,191,143,74.87,76.39,Great Wall M4 (92.86%),Great Wall C50 (38.89%),54
45,Zoyte,1,17,13,76.47,76.47,Zotye 5008 (76.47%),Zotye 5008 (76.47%),55
149,Suzuki,8,270,209,77.41,76.56,Yuyan (97.92%),Kazishi (48.15%),56
120,Ruiqi,1,27,21,77.78,77.78,Ruiqi G5 (77.78%),Ruiqi G5 (77.78%),57
37,Zxauto,3,54,42,77.78,77.42,Grandtiger G3 (80.0%),Qijian A9 (75.0%),58
50,Chrysler,1,43,34,79.07,79.07,Chrysler 300C (79.07%),Chrysler 300C (79.07%),59
89,Karry,1,10,8,80.0,80.0,Youyou (80.0%),Youyou (80.0%),60
87,Guangqichuanqi,1,30,25,83.33,83.33,Chuanqi GS5 (83.33%),Chuanqi GS5 (83.33%),61
26,smart,1,80,67,83.75,83.75,smart fortwo (83.75%),smart fortwo (83.75%),62
34,Dongfengfengdu,1,33,28,84.85,84.85,Shuaike (84.85%),Shuaike (84.85%),63
132,Roewe,3,160,137,85.62,85.72,Roewe 550 (88.31%),Roewe 350 (81.36%),64
43,Wuling,3,70,60,85.71,80.78,Wulinghongguang (96.88%),Wulingzhiguang (50.0%),65
142,LAND-ROVER,4,226,195,86.28,86.01,Discovery (94.12%),Range Rover Sport (75.41%),66
82,Baojun,3,118,102,86.44,79.25,Lechi (94.34%),Baojun 610 (57.14%),67
15,MINI,4,225,196,87.11,87.86,MINI PACEMAN (97.56%),MINI COUNTRYMAN (80.39%),68
11,Jeep,3,193,170,88.08,86.94,Wrangler (100.0%),Compass (72.13%),69
133,Lotus,1,13,12,92.31,92.31,Jingyue (92.31%),Jingyue (92.31%),70
71,Haval,1,69,64,92.75,92.75,Haval H3 (92.75%),Haval H3 (92.75%),71
121,Fuqiqiteng,1,14,13,92.86,92.86,Qiteng M70 (92.86%),Qiteng M70 (92.86%),72
148,Jinbei,1,21,20,95.24,95.24,Dahaishi (95.24%),Dahaishi (95.24%),73
51,Lamorghini ,1,57,55,96.49,96.49,Gallardo (96.49%),Gallardo (96.49%),74
29,Shangqidatong,1,12,12,100.0,100.0,MAXUS V80xs (100.0%),MAXUS V80xs (100.0%),75
