class_index,make_id,make_name,model_id,class_name,folder_path,sample_image,total_samples,correct_samples,accuracy_pct
0,78,Audi,1,Audi A3 hatchback,../../compcars_cctv/extracted/data_extracted/data/image/78/1,../../compcars_cctv/extracted/data_extracted/data/image/78/1/2014/3ac218c0c6c378.jpg,69,42,60.87
1,78,Audi,2,Audi A4L,../../compcars_cctv/extracted/data_extracted/data/image/78/2,../../compcars_cctv/extracted/data_extracted/data/image/78/2/2013/9c3b571b534d77.jpg,82,64,78.05
2,78,Audi,3,Audi A6L,../../compcars_cctv/extracted/data_extracted/data/image/78/3,../../compcars_cctv/extracted/data_extracted/data/image/78/3/2010/f0819a90b50eb1.jpg,66,33,50.0
3,78,Audi,4,Audi Q3,../../compcars_cctv/extracted/data_extracted/data/image/78/4,../../compcars_cctv/extracted/data_extracted/data/image/78/4/2012/46b2122d16ff85.jpg,29,20,68.97
4,78,Audi,5,Audi Q5,../../compcars_cctv/extracted/data_extracted/data/image/78/5,../../compcars_cctv/extracted/data_extracted/data/image/78/5/2011/b11cf9915c00e0.jpg,75,44,58.67
5,78,Audi,11,Audi A3 sedan,../../compcars_cctv/extracted/data_extracted/data/image/78/11,../../compcars_cctv/extracted/data_extracted/data/image/78/11/2014/fb736dcd3dfb74.jpg,26,18,69.23
6,78,Audi,19,Audi A1,../../compcars_cctv/extracted/data_extracted/data/image/78/19,../../compcars_cctv/extracted/data_extracted/data/image/78/19/2012/bbc4976880a3e1.jpg,41,24,58.54
7,78,Audi,21,Audi A4 estate,../../compcars_cctv/extracted/data_extracted/data/image/78/21,../../compcars_cctv/extracted/data_extracted/data/image/78/21/2014/faa4b577fbe8f0.jpg,18,12,66.67
8,78,Audi,22,Audi A5 convertible,../../compcars_cctv/extracted/data_extracted/data/image/78/22,../../compcars_cctv/extracted/data_extracted/data/image/78/22/2010/f927700bf7b496.jpg,45,28,62.22
9,78,Audi,23,Audi A5 coupe,../../compcars_cctv/extracted/data_extracted/data/image/78/23,../../compcars_cctv/extracted/data_extracted/data/image/78/23/2012/c60fee6518c354.jpg,54,36,66.67
10,78,Audi,24,Audi A5 hatchback,../../compcars_cctv/extracted/data_extracted/data/image/78/24,../../compcars_cctv/extracted/data_extracted/data/image/78/24/2010/970467a3f4724a.jpg,52,17,32.69
11,78,Audi,26,Audi A7,../../compcars_cctv/extracted/data_extracted/data/image/78/26,../../compcars_cctv/extracted/data_extracted/data/image/78/26/2015/b09759873e4b70.jpg,52,39,75.0
12,78,Audi,27,Audi A8L,../../compcars_cctv/extracted/data_extracted/data/image/78/27,../../compcars_cctv/extracted/data_extracted/data/image/78/27/2012/044351578f85e6.jpg,88,61,69.32
13,78,Audi,32,Audi Q7,../../compcars_cctv/extracted/data_extracted/data/image/78/32,../../compcars_cctv/extracted/data_extracted/data/image/78/32/2013/d8cd1301b8b7f6.jpg,71,57,80.28
14,78,Audi,34,Audi S5 convertible,../../compcars_cctv/extracted/data_extracted/data/image/78/34,../../compcars_cctv/extracted/data_extracted/data/image/78/34/2010/91b00bbbe7cfe6.jpg,27,18,66.67
15,78,Audi,39,Audi S8,../../compcars_cctv/extracted/data_extracted/data/image/78/39,../../compcars_cctv/extracted/data_extracted/data/image/78/39/2009/15d3e4c109f581.jpg,24,8,33.33
16,78,Audi,42,Audi TTS coupe,../../compcars_cctv/extracted/data_extracted/data/image/78/42,../../compcars_cctv/extracted/data_extracted/data/image/78/42/2015/e82f713ac46c25.jpg,31,19,61.29
17,78,Audi,44,Audi TT coupe,../../compcars_cctv/extracted/data_extracted/data/image/78/44,../../compcars_cctv/extracted/data_extracted/data/image/78/44/2013/0948b51a4729b3.jpg,41,34,82.93
18,81,BWM,68,BWM 3 Series,../../compcars_cctv/extracted/data_extracted/data/image/81/68,../../compcars_cctv/extracted/data_extracted/data/image/81/68/2010/19e42797071a49.jpg,140,87,62.14
19,81,BWM,69,BWM X1,../../compcars_cctv/extracted/data_extracted/data/image/81/69,../../compcars_cctv/extracted/data_extracted/data/image/81/69/2012/23fe2158ed15e9.jpg,64,22,34.38
20,81,BWM,70,BWM 5 Series,../../compcars_cctv/extracted/data_extracted/data/image/81/70,../../compcars_cctv/extracted/data_extracted/data/image/81/70/2012/d564e03b98b160.jpg,115,74,64.35
21,81,BWM,75,BWM M5,../../compcars_cctv/extracted/data_extracted/data/image/81/75,../../compcars_cctv/extracted/data_extracted/data/image/81/75/2012/84096e006bdba0.jpg,28,20,71.43
22,81,BWM,84,BWM 2 Series,../../compcars_cctv/extracted/data_extracted/data/image/81/84,../../compcars_cctv/extracted/data_extracted/data/image/81/84/2014/ed7b1d778e2751.jpg,14,7,50.0
23,81,BWM,85,BWM 3 Series GT,../../compcars_cctv/extracted/data_extracted/data/image/81/85,../../compcars_cctv/extracted/data_extracted/data/image/81/85/2013/84104e35051280.jpg,17,6,35.29
24,81,BWM,86,BWM 3 Series convertible,../../compcars_cctv/extracted/data_extracted/data/image/81/86,../../compcars_cctv/extracted/data_extracted/data/image/81/86/2011/6ecb4d49a65fac.jpg,14,7,50.0
25,81,BWM,88,BWM 3 Series estate,../../compcars_cctv/extracted/data_extracted/data/image/81/88,../../compcars_cctv/extracted/data_extracted/data/image/81/88/2013/49d2d1f4b3e447.jpg,21,8,38.1
26,81,BWM,89,BWM 3 Series coupe,../../compcars_cctv/extracted/data_extracted/data/image/81/89,../../compcars_cctv/extracted/data_extracted/data/image/81/89/2009/6487c6d1895e7e.jpg,28,13,46.43
27,81,BWM,91,BWM 4 Series convertible,../../compcars_cctv/extracted/data_extracted/data/image/81/91,../../compcars_cctv/extracted/data_extracted/data/image/81/91/2014/dbb10c6a0307df.jpg,14,8,57.14
28,81,BWM,94,BWM 5 Series GT,../../compcars_cctv/extracted/data_extracted/data/image/81/94,../../compcars_cctv/extracted/data_extracted/data/image/81/94/2010/9c945f747a42e6.jpg,41,17,41.46
29,81,BWM,100,BWM 6 Series,../../compcars_cctv/extracted/data_extracted/data/image/81/100,../../compcars_cctv/extracted/data_extracted/data/image/81/100/2013/2f0ebcfbaafaf6.jpg,29,22,75.86
30,81,BWM,101,BWM 7 Series,../../compcars_cctv/extracted/data_extracted/data/image/81/101,../../compcars_cctv/extracted/data_extracted/data/image/81/101/2010/31f0572a434859.jpg,43,15,34.88
31,81,BWM,103,BWM X3,../../compcars_cctv/extracted/data_extracted/data/image/81/103,../../compcars_cctv/extracted/data_extracted/data/image/81/103/2013/13b57e8a15ec19.jpg,71,39,54.93
32,81,BWM,104,BWM X4,../../compcars_cctv/extracted/data_extracted/data/image/81/104,../../compcars_cctv/extracted/data_extracted/data/image/81/104/2014/bd930550d79041.jpg,16,11,68.75
33,81,BWM,105,BWM X5,../../compcars_cctv/extracted/data_extracted/data/image/81/105,../../compcars_cctv/extracted/data_extracted/data/image/81/105/2008/755354a9fa26c5.jpg,74,19,25.68
34,81,BWM,106,BWM X6,../../compcars_cctv/extracted/data_extracted/data/image/81/106,../../compcars_cctv/extracted/data_extracted/data/image/81/106/2014/b13c50b5070201.jpg,38,29,76.32
35,81,BWM,118,BWM 1 Series hatchback,../../compcars_cctv/extracted/data_extracted/data/image/81/118,../../compcars_cctv/extracted/data_extracted/data/image/81/118/2012/deda6135edb0c5.jpg,32,19,59.38
36,77,Benz,124,Benz C Class,../../compcars_cctv/extracted/data_extracted/data/image/77/124,../../compcars_cctv/extracted/data_extracted/data/image/77/124/2014/c5f89e6802230d.jpg,67,46,68.66
37,77,Benz,126,Benz GLK Class,../../compcars_cctv/extracted/data_extracted/data/image/77/126,../../compcars_cctv/extracted/data_extracted/data/image/77/126/2011/ce3e58987298c4.jpg,81,66,81.48
38,77,Benz,127,Benz E Class,../../compcars_cctv/extracted/data_extracted/data/image/77/127,../../compcars_cctv/extracted/data_extracted/data/image/77/127/unknown/48f1b123eeedce.jpg,135,76,56.3
39,77,Benz,130,Benz C Class AMG,../../compcars_cctv/extracted/data_extracted/data/image/77/130,../../compcars_cctv/extracted/data_extracted/data/image/77/130/2014/8c2447eacf888a.jpg,30,24,80.0
40,77,Benz,132,Benz G Class AMG,../../compcars_cctv/extracted/data_extracted/data/image/77/132,../../compcars_cctv/extracted/data_extracted/data/image/77/132/2013/9ca6105df03f7f.jpg,27,24,88.89
41,77,Benz,147,Benz A Class,../../compcars_cctv/extracted/data_extracted/data/image/77/147,../../compcars_cctv/extracted/data_extracted/data/image/77/147/2013/c820c2892eecbe.jpg,24,9,37.5
42,77,Benz,152,Benz C Class estate,../../compcars_cctv/extracted/data_extracted/data/image/77/152,../../compcars_cctv/extracted/data_extracted/data/image/77/152/2011/3c2e0ebc19f041.jpg,33,25,75.76
43,77,Benz,153,Benz E Class convertible,../../compcars_cctv/extracted/data_extracted/data/image/77/153,../../compcars_cctv/extracted/data_extracted/data/image/77/153/2013/b6421827a819ab.jpg,35,22,62.86
44,77,Benz,154,Benz E Class couple,../../compcars_cctv/extracted/data_extracted/data/image/77/154,../../compcars_cctv/extracted/data_extracted/data/image/77/154/2010/7cf673c660715d.jpg,44,24,54.55
45,77,Benz,156,Benz GL Class,../../compcars_cctv/extracted/data_extracted/data/image/77/156,../../compcars_cctv/extracted/data_extracted/data/image/77/156/2013/0c91431a8bf9f9.jpg,25,17,68.0
46,77,Benz,159,Benz R Class,../../compcars_cctv/extracted/data_extracted/data/image/77/159,../../compcars_cctv/extracted/data_extracted/data/image/77/159/2014/7910f301b55018.jpg,33,16,48.48
47,77,Benz,160,Benz SLK Class,../../compcars_cctv/extracted/data_extracted/data/image/77/160,../../compcars_cctv/extracted/data_extracted/data/image/77/160/2010/8bafcfeb1233d3.jpg,31,26,83.87
48,77,Benz,162,Benz S Class,../../compcars_cctv/extracted/data_extracted/data/image/77/162,../../compcars_cctv/extracted/data_extracted/data/image/77/162/2011/d26fa33358faa7.jpg,49,30,61.22
49,54,Buck,187,encore,../../compcars_cctv/extracted/data_extracted/data/image/54/187,../../compcars_cctv/extracted/data_extracted/data/image/54/187/2013/6cdb6cff401f74.jpg,29,18,62.07
50,54,Buck,188,Buick GL8 Luxury Business,../../compcars_cctv/extracted/data_extracted/data/image/54/188,../../compcars_cctv/extracted/data_extracted/data/image/54/188/2014/5d5900810eaa2a.jpg,37,36,97.3
51,54,Buck,189,Buick GL8 Business,../../compcars_cctv/extracted/data_extracted/data/image/54/189,../../compcars_cctv/extracted/data_extracted/data/image/54/189/2008/ece875a972ce85.jpg,37,31,83.78
52,54,Buck,190,Regal,../../compcars_cctv/extracted/data_extracted/data/image/54/190,../../compcars_cctv/extracted/data_extracted/data/image/54/190/2010/281b195cf8bbc6.jpg,74,53,71.62
53,54,Buck,191,Regal GS,../../compcars_cctv/extracted/data_extracted/data/image/54/191,../../compcars_cctv/extracted/data_extracted/data/image/54/191/2013/a39cae226b6389.jpg,34,31,91.18
54,54,Buck,192,Lacrosse,../../compcars_cctv/extracted/data_extracted/data/image/54/192,../../compcars_cctv/extracted/data_extracted/data/image/54/192/2010/2b7509edcc7342.jpg,89,64,71.91
55,54,Buck,194,Exclle,../../compcars_cctv/extracted/data_extracted/data/image/54/194,../../compcars_cctv/extracted/data_extracted/data/image/54/194/2013/7e4f35e3b8cc08.jpg,29,20,68.97
56,54,Buck,196,EXCELLE  GT,../../compcars_cctv/extracted/data_extracted/data/image/54/196,../../compcars_cctv/extracted/data_extracted/data/image/54/196/2012/7b82a39e9e82b3.jpg,45,30,66.67
57,54,Buck,197,EXCELLE  XT,../../compcars_cctv/extracted/data_extracted/data/image/54/197,../../compcars_cctv/extracted/data_extracted/data/image/54/197/2013/78f4e977db1b10.jpg,45,33,73.33
58,54,Buck,202,Enclave,../../compcars_cctv/extracted/data_extracted/data/image/54/202,../../compcars_cctv/extracted/data_extracted/data/image/54/202/2013/e904768142f9db.jpg,19,9,47.37
59,100,Honda,211,Crosstour,../../compcars_cctv/extracted/data_extracted/data/image/100/211,../../compcars_cctv/extracted/data_extracted/data/image/100/211/2012/2b837132e9f47b.jpg,37,20,54.05
60,100,Honda,212,Crider,../../compcars_cctv/extracted/data_extracted/data/image/100/212,../../compcars_cctv/extracted/data_extracted/data/image/100/212/2013/957efee8fdee80.jpg,12,7,58.33
61,100,Honda,213,Accord,../../compcars_cctv/extracted/data_extracted/data/image/100/213,../../compcars_cctv/extracted/data_extracted/data/image/100/213/2013/2e2bdf9c6e317c.jpg,72,40,55.56
62,100,Honda,249,Jade,../../compcars_cctv/extracted/data_extracted/data/image/100/249,../../compcars_cctv/extracted/data_extracted/data/image/100/249/2013/a0b678ea6810ba.jpg,14,8,57.14
63,100,Honda,250,Spirior,../../compcars_cctv/extracted/data_extracted/data/image/100/250,../../compcars_cctv/extracted/data_extracted/data/image/100/250/2013/7418b9ad096ef0.jpg,22,10,45.45
64,100,Honda,251,Civic,../../compcars_cctv/extracted/data_extracted/data/image/100/251,../../compcars_cctv/extracted/data_extracted/data/image/100/251/2009/6a08e2196f0282.jpg,78,34,43.59
65,100,Honda,252,Honda CR-V,../../compcars_cctv/extracted/data_extracted/data/image/100/252,../../compcars_cctv/extracted/data_extracted/data/image/100/252/2013/32b66ac3539f00.jpg,35,26,74.29
66,102,Peugeot,254,Peugeot 2008,../../compcars_cctv/extracted/data_extracted/data/image/102/254,../../compcars_cctv/extracted/data_extracted/data/image/102/254/2014/2334005a0baa12.jpg,24,15,62.5
67,102,Peugeot,255,Peugeot 207 hatchback,../../compcars_cctv/extracted/data_extracted/data/image/102/255,../../compcars_cctv/extracted/data_extracted/data/image/102/255/2010/d89e9dbefac39a.jpg,33,19,57.58
68,102,Peugeot,256,Peugeot 207 sedan,../../compcars_cctv/extracted/data_extracted/data/image/102/256,../../compcars_cctv/extracted/data_extracted/data/image/102/256/2010/41d66c6ae655b5.jpg,42,10,23.81
69,102,Peugeot,257,Peugeot 3008,../../compcars_cctv/extracted/data_extracted/data/image/102/257,../../compcars_cctv/extracted/data_extracted/data/image/102/257/2014/798f4f458c3c16.jpg,27,12,44.44
70,102,Peugeot,258,Peugeot 301,../../compcars_cctv/extracted/data_extracted/data/image/102/258,../../compcars_cctv/extracted/data_extracted/data/image/102/258/2014/5d4e893384ee90.jpg,20,14,70.0
71,102,Peugeot,259,Peugeot 307 hatchback,../../compcars_cctv/extracted/data_extracted/data/image/102/259,../../compcars_cctv/extracted/data_extracted/data/image/102/259/2012/97d83c9bf4c466.jpg,29,23,79.31
72,102,Peugeot,260,Peugeot 307 sedan,../../compcars_cctv/extracted/data_extracted/data/image/102/260,../../compcars_cctv/extracted/data_extracted/data/image/102/260/2010/5b7f4b1ab322aa.jpg,13,10,76.92
73,102,Peugeot,261,Peugeot 308,../../compcars_cctv/extracted/data_extracted/data/image/102/261,../../compcars_cctv/extracted/data_extracted/data/image/102/261/2012/8e60e151f89c21.jpg,36,30,83.33
74,102,Peugeot,262,Peugeot 408,../../compcars_cctv/extracted/data_extracted/data/image/102/262,../../compcars_cctv/extracted/data_extracted/data/image/102/262/2010/4a7a53acc90646.jpg,62,48,77.42
75,102,Peugeot,263,Peugeot 508,../../compcars_cctv/extracted/data_extracted/data/image/102/263,../../compcars_cctv/extracted/data_extracted/data/image/102/263/2013/6d7d1d16fb9884.jpg,43,28,65.12
76,102,Peugeot,266,Peugeot 207CC,../../compcars_cctv/extracted/data_extracted/data/image/102/266,../../compcars_cctv/extracted/data_extracted/data/image/102/266/2011/b2eb3226e0cd5e.jpg,25,16,64.0
77,102,Peugeot,267,Peugeot 308SW,../../compcars_cctv/extracted/data_extracted/data/image/102/267,../../compcars_cctv/extracted/data_extracted/data/image/102/267/2013/903133d1dbec6f.jpg,20,12,60.0
78,102,Peugeot,268,Peugeot 4008,../../compcars_cctv/extracted/data_extracted/data/image/102/268,../../compcars_cctv/extracted/data_extracted/data/image/102/268/2013/8b861576d1c447.jpg,21,16,76.19
79,102,Peugeot,269,Peugeot RCZ,../../compcars_cctv/extracted/data_extracted/data/image/102/269,../../compcars_cctv/extracted/data_extracted/data/image/102/269/2013/bbc4be7e4018d0.jpg,30,15,50.0
80,102,Peugeot,293,Peugeot 308CC,../../compcars_cctv/extracted/data_extracted/data/image/102/293,../../compcars_cctv/extracted/data_extracted/data/image/102/293/2012/1ee3156fea5185.jpg,25,17,68.0
81,105,BYD,294,BYD F0,../../compcars_cctv/extracted/data_extracted/data/image/105/294,../../compcars_cctv/extracted/data_extracted/data/image/105/294/2011/208e35adfe2f62.jpg,45,38,84.44
82,105,BYD,296,BYD F3R,../../compcars_cctv/extracted/data_extracted/data/image/105/296,../../compcars_cctv/extracted/data_extracted/data/image/105/296/2009/96666dbc3f4b90.jpg,33,16,48.48
83,105,BYD,297,BYD F6,../../compcars_cctv/extracted/data_extracted/data/image/105/297,../../compcars_cctv/extracted/data_extracted/data/image/105/297/2010/f4bb0062291200.jpg,21,12,57.14
84,105,BYD,298,BYD G3,../../compcars_cctv/extracted/data_extracted/data/image/105/298,../../compcars_cctv/extracted/data_extracted/data/image/105/298/2011/36b2610aeb31a3.jpg,18,8,44.44
85,105,BYD,302,BYD L3,../../compcars_cctv/extracted/data_extracted/data/image/105/302,../../compcars_cctv/extracted/data_extracted/data/image/105/302/2012/cd2d43ad262ec3.jpg,36,20,55.56
86,105,BYD,303,BYD M6,../../compcars_cctv/extracted/data_extracted/data/image/105/303,../../compcars_cctv/extracted/data_extracted/data/image/105/303/2010/77be4abfdd601a.jpg,23,20,86.96
87,105,BYD,304,BYD S6,../../compcars_cctv/extracted/data_extracted/data/image/105/304,../../compcars_cctv/extracted/data_extracted/data/image/105/304/2013/1a837796a468fb.jpg,34,23,67.65
88,48,Porsche,317,Panamera,../../compcars_cctv/extracted/data_extracted/data/image/48/317,../../compcars_cctv/extracted/data_extracted/data/image/48/317/2010/c8758b9de3d973.jpg,52,33,63.46
89,48,Porsche,319,Porsche 911,../../compcars_cctv/extracted/data_extracted/data/image/48/319,../../compcars_cctv/extracted/data_extracted/data/image/48/319/2013/7ed09dfa10d9e9.jpg,64,44,68.75
90,48,Porsche,321,Canyenne,../../compcars_cctv/extracted/data_extracted/data/image/48/321,../../compcars_cctv/extracted/data_extracted/data/image/48/321/2011/8d0eb890930507.jpg,43,25,58.14
91,48,Porsche,326,Cayman,../../compcars_cctv/extracted/data_extracted/data/image/48/326,../../compcars_cctv/extracted/data_extracted/data/image/48/326/2013/d6d52e7858022d.jpg,53,47,88.68
92,58,BAW,328,BAW E Series sedan ,../../compcars_cctv/extracted/data_extracted/data/image/58/328,../../compcars_cctv/extracted/data_extracted/data/image/58/328/2013/cfbed342f52039.jpg,12,1,8.33
93,58,BAW,342,BAW E Series hatchback,../../compcars_cctv/extracted/data_extracted/data/image/58/342,../../compcars_cctv/extracted/data_extracted/data/image/58/342/2013/b32e45bc993ea8.jpg,29,28,96.55
94,82,Baojun,343,Baojun 610,../../compcars_cctv/extracted/data_extracted/data/image/82/343,../../compcars_cctv/extracted/data_extracted/data/image/82/343/2014/1de575ae42d0c4.jpg,14,8,57.14
95,82,Baojun,344,Baojun 630,../../compcars_cctv/extracted/data_extracted/data/image/82/344,../../compcars_cctv/extracted/data_extracted/data/image/82/344/2014/717a52cdaf7587.jpg,51,44,86.27
96,82,Baojun,346,Lechi,../../compcars_cctv/extracted/data_extracted/data/image/82/346,../../compcars_cctv/extracted/data_extracted/data/image/82/346/2008/931e0dd6ea41c0.jpg,53,50,94.34
97,76,Besturn,364,Besturn B50,../../compcars_cctv/extracted/data_extracted/data/image/76/364,../../compcars_cctv/extracted/data_extracted/data/image/76/364/2009/da29f47d0c4923.jpg,56,28,50.0
98,76,Besturn,365,Besturn B90,../../compcars_cctv/extracted/data_extracted/data/image/76/365,../../compcars_cctv/extracted/data_extracted/data/image/76/365/2012/ef9456daa08ca3.jpg,29,7,24.14
99,76,Besturn,366,Besturn X80,../../compcars_cctv/extracted/data_extracted/data/image/76/366,../../compcars_cctv/extracted/data_extracted/data/image/76/366/2015/d2ade903b0feac.jpg,28,23,82.14
100,76,Besturn,367,Besturn B70,../../compcars_cctv/extracted/data_extracted/data/image/76/367,../../compcars_cctv/extracted/data_extracted/data/image/76/367/2014/daeb1b73ee8ca9.jpg,73,42,57.53
101,150,GreatWall,378,Great Wall C50,../../compcars_cctv/extracted/data_extracted/data/image/150/378,../../compcars_cctv/extracted/data_extracted/data/image/150/378/2013/eaf650b9442a6f.jpg,36,14,38.89
102,150,GreatWall,380,Great Wall M2,../../compcars_cctv/extracted/data_extracted/data/image/150/380,../../compcars_cctv/extracted/data_extracted/data/image/150/380/2010/8769f204485ee6.jpg,22,18,81.82
103,150,GreatWall,381,Great Wall M4,../../compcars_cctv/extracted/data_extracted/data/image/150/381,../../compcars_cctv/extracted/data_extracted/data/image/150/381/2012/e4b99cde06d9cc.jpg,28,26,92.86
104,150,GreatWall,382,Great Wall V80,../../compcars_cctv/extracted/data_extracted/data/image/150/382,../../compcars_cctv/extracted/data_extracted/data/image/150/382/2009/d13c2b61311ab6.jpg,39,33,84.62
105,150,GreatWall,384,Wingle 5,../../compcars_cctv/extracted/data_extracted/data/image/150/384,../../compcars_cctv/extracted/data_extracted/data/image/150/384/2013/19cb2079d2e8fc.jpg,21,17,80.95
106,150,GreatWall,391,Xuanli,../../compcars_cctv/extracted/data_extracted/data/image/150/391,../../compcars_cctv/extracted/data_extracted/data/image/150/391/2010/9f667906377af9.jpg,27,21,77.78
107,150,GreatWall,392,Xuanli CROSS,../../compcars_cctv/extracted/data_extracted/data/image/150/392,../../compcars_cctv/extracted/data_extracted/data/image/150/392/2010/4c64e05c541aa1.jpg,18,14,77.78
108,152,Changan,397,Benben,../../compcars_cctv/extracted/data_extracted/data/image/152/397,../../compcars_cctv/extracted/data_extracted/data/image/152/397/2014/7c479d485dd18e.jpg,13,11,84.62
109,152,Changan,398,Benben MINI,../../compcars_cctv/extracted/data_extracted/data/image/152/398,../../compcars_cctv/extracted/data_extracted/data/image/152/398/2012/842dfc93459d4c.jpg,40,34,85.0
110,152,Changan,399,Changan CS35,../../compcars_cctv/extracted/data_extracted/data/image/152/399,../../compcars_cctv/extracted/data_extracted/data/image/152/399/2014/707d5444734b6d.jpg,29,20,68.97
111,152,Changan,401,Changan CX20,../../compcars_cctv/extracted/data_extracted/data/image/152/401,../../compcars_cctv/extracted/data_extracted/data/image/152/401/2014/a6dd2bdbbb0300.jpg,27,19,70.37
112,152,Changan,405,Yidong,../../compcars_cctv/extracted/data_extracted/data/image/152/405,../../compcars_cctv/extracted/data_extracted/data/image/152/405/2014/4139031441992a.jpg,35,33,94.29
113,152,Changan,406,Yuexiang V3,../../compcars_cctv/extracted/data_extracted/data/image/152/406,../../compcars_cctv/extracted/data_extracted/data/image/152/406/2012/45b70fa3aa1668.jpg,13,4,30.77
114,152,Changan,407,Yuexiang V5,../../compcars_cctv/extracted/data_extracted/data/image/152/407,../../compcars_cctv/extracted/data_extracted/data/image/152/407/2012/db8975f40363f7.jpg,14,12,85.71
115,152,Changan,409,Yuexiang hatchback,../../compcars_cctv/extracted/data_extracted/data/image/152/409,../../compcars_cctv/extracted/data_extracted/data/image/152/409/2010/29a50229d811ce.jpg,14,10,71.43
116,152,Changan,410,Yuexiang sedan,../../compcars_cctv/extracted/data_extracted/data/image/152/410,../../compcars_cctv/extracted/data_extracted/data/image/152/410/2012/9d5312023fe40e.jpg,33,12,36.36
117,152,Changan,411,Zhishang XT,../../compcars_cctv/extracted/data_extracted/data/image/152/411,../../compcars_cctv/extracted/data_extracted/data/image/152/411/2013/ddbff236f0f452.jpg,11,9,81.82
118,152,Changan,412,Ruiping,../../compcars_cctv/extracted/data_extracted/data/image/152/412,../../compcars_cctv/extracted/data_extracted/data/image/152/412/2013/346364ad04a84d.jpg,10,2,20.0
119,152,Changan,413,Zhixiang,../../compcars_cctv/extracted/data_extracted/data/image/152/413,../../compcars_cctv/extracted/data_extracted/data/image/152/413/2008/12eccb8fabdb58.jpg,14,6,42.86
120,152,Changan,419,Benben LOVE,../../compcars_cctv/extracted/data_extracted/data/image/152/419,../../compcars_cctv/extracted/data_extracted/data/image/152/419/2010/e10493a601bd1e.jpg,14,10,71.43
121,73,Volkswagen,434,Cross Polo,../../compcars_cctv/extracted/data_extracted/data/image/73/434,../../compcars_cctv/extracted/data_extracted/data/image/73/434/2014/6a1e9fba672266.jpg,13,11,84.62
122,73,Volkswagen,435,Polo hatchback,../../compcars_cctv/extracted/data_extracted/data/image/73/435,../../compcars_cctv/extracted/data_extracted/data/image/73/435/2014/101020874f239f.jpg,62,34,54.84
123,73,Volkswagen,436,Polo sedan,../../compcars_cctv/extracted/data_extracted/data/image/73/436,../../compcars_cctv/extracted/data_extracted/data/image/73/436/2009/731f0128e42261.jpg,15,3,20.0
124,73,Volkswagen,438,Cross Lavida,../../compcars_cctv/extracted/data_extracted/data/image/73/438,../../compcars_cctv/extracted/data_extracted/data/image/73/438/2014/b2170fbe020ff0.jpg,13,13,100.0
125,73,Volkswagen,439,Gran Lavida,../../compcars_cctv/extracted/data_extracted/data/image/73/439,../../compcars_cctv/extracted/data_extracted/data/image/73/439/2013/6f2cd304034025.jpg,19,4,21.05
126,73,Volkswagen,440,Lavide,../../compcars_cctv/extracted/data_extracted/data/image/73/440,../../compcars_cctv/extracted/data_extracted/data/image/73/440/2013/90a03c8753ee78.jpg,52,27,51.92
127,73,Volkswagen,441,Passat,../../compcars_cctv/extracted/data_extracted/data/image/73/441,../../compcars_cctv/extracted/data_extracted/data/image/73/441/2011/385ecb7162def3.jpg,41,29,70.73
128,73,Volkswagen,442,Passat Lingyu,../../compcars_cctv/extracted/data_extracted/data/image/73/442,../../compcars_cctv/extracted/data_extracted/data/image/73/442/2009/438b4847d35e02.jpg,14,5,35.71
129,73,Volkswagen,443,Santana,../../compcars_cctv/extracted/data_extracted/data/image/73/443,../../compcars_cctv/extracted/data_extracted/data/image/73/443/2013/50949686fb14f5.jpg,14,4,28.57
130,73,Volkswagen,445,Touran,../../compcars_cctv/extracted/data_extracted/data/image/73/445,../../compcars_cctv/extracted/data_extracted/data/image/73/445/2008/c7bdefd43771d9.jpg,50,36,72.0
131,73,Volkswagen,446,Tiguan,../../compcars_cctv/extracted/data_extracted/data/image/73/446,../../compcars_cctv/extracted/data_extracted/data/image/73/446/2013/c847688d5272e9.jpg,29,18,62.07
132,73,Volkswagen,453,Volkswagen Eos,../../compcars_cctv/extracted/data_extracted/data/image/73/453,../../compcars_cctv/extracted/data_extracted/data/image/73/453/2010/dae478c3e27a37.jpg,31,24,77.42
133,73,Volkswagen,458,Golf convertible ,../../compcars_cctv/extracted/data_extracted/data/image/73/458,../../compcars_cctv/extracted/data_extracted/data/image/73/458/2012/2dfa552a4710f1.jpg,10,10,100.0
134,73,Volkswagen,459,Golf estate,../../compcars_cctv/extracted/data_extracted/data/image/73/459,../../compcars_cctv/extracted/data_extracted/data/image/73/459/2011/a95d97aaeddacf.jpg,16,9,56.25
135,73,Volkswagen,460,Phaeton,../../compcars_cctv/extracted/data_extracted/data/image/73/460,../../compcars_cctv/extracted/data_extracted/data/image/73/460/2012/d51c8fb7a09499.jpg,36,33,91.67
136,73,Volkswagen,461,Beetle,../../compcars_cctv/extracted/data_extracted/data/image/73/461,../../compcars_cctv/extracted/data_extracted/data/image/73/461/2014/54282282df0876.jpg,43,31,72.09
137,73,Volkswagen,463,Multivan,../../compcars_cctv/extracted/data_extracted/data/image/73/463,../../compcars_cctv/extracted/data_extracted/data/image/73/463/2014/2220a3a8baec6c.jpg,30,18,60.0
138,73,Volkswagen,464,Magotan estate,../../compcars_cctv/extracted/data_extracted/data/image/73/464,../../compcars_cctv/extracted/data_extracted/data/image/73/464/2012/7c1e8a73614474.jpg,12,5,41.67
139,73,Volkswagen,465,Scirocco,../../compcars_cctv/extracted/data_extracted/data/image/73/465,../../compcars_cctv/extracted/data_extracted/data/image/73/465/2009/2b92cd339fdfa1.jpg,65,41,63.08
140,73,Volkswagen,467,Touareg,../../compcars_cctv/extracted/data_extracted/data/image/73/467,../../compcars_cctv/extracted/data_extracted/data/image/73/467/2010/d4aa9fb53cc49b.jpg,64,26,40.62
141,73,Volkswagen,469,Sharan,../../compcars_cctv/extracted/data_extracted/data/image/73/469,../../compcars_cctv/extracted/data_extracted/data/image/73/469/2013/865fa4c94160ab.jpg,9,4,44.44
142,73,Volkswagen,473,Variant,../../compcars_cctv/extracted/data_extracted/data/image/73/473,../../compcars_cctv/extracted/data_extracted/data/image/73/473/2010/410a04c2ab4eeb.jpg,17,5,29.41
143,73,Volkswagen,491,Tiguan abroad version,../../compcars_cctv/extracted/data_extracted/data/image/73/491,../../compcars_cctv/extracted/data_extracted/data/image/73/491/2011/f1d3e445e6e92b.jpg,24,10,41.67
144,73,Volkswagen,500,Bora,../../compcars_cctv/extracted/data_extracted/data/image/73/500,../../compcars_cctv/extracted/data_extracted/data/image/73/500/2012/62c472a50a8f8e.jpg,72,21,29.17
145,73,Volkswagen,501,Golf,../../compcars_cctv/extracted/data_extracted/data/image/73/501,../../compcars_cctv/extracted/data_extracted/data/image/73/501/2012/2ac2c46a117891.jpg,87,53,60.92
146,73,Volkswagen,502,Golf GTI,../../compcars_cctv/extracted/data_extracted/data/image/73/502,../../compcars_cctv/extracted/data_extracted/data/image/73/502/2015/09c8aa4be8434f.jpg,36,23,63.89
147,73,Volkswagen,503,Jetta,../../compcars_cctv/extracted/data_extracted/data/image/73/503,../../compcars_cctv/extracted/data_extracted/data/image/73/503/2013/b92e10246de054.jpg,54,35,64.81
148,73,Volkswagen,504,Magotan,../../compcars_cctv/extracted/data_extracted/data/image/73/504,../../compcars_cctv/extracted/data_extracted/data/image/73/504/2009/e99077d5f8d7f2.jpg,54,10,18.52
149,73,Volkswagen,505,Sagitar,../../compcars_cctv/extracted/data_extracted/data/image/73/505,../../compcars_cctv/extracted/data_extracted/data/image/73/505/2013/5c20a49ae85155.jpg,61,35,57.38
150,73,Volkswagen,508,Volkswagen CC,../../compcars_cctv/extracted/data_extracted/data/image/73/508,../../compcars_cctv/extracted/data_extracted/data/image/73/508/2013/b85a9bbf38ef82.jpg,82,58,70.73
151,4,DS,509,DS 5,../../compcars_cctv/extracted/data_extracted/data/image/4/509,../../compcars_cctv/extracted/data_extracted/data/image/4/509/2014/ad1312c5d28405.jpg,42,31,73.81
152,4,DS,511,DS 5LS,../../compcars_cctv/extracted/data_extracted/data/image/4/511,../../compcars_cctv/extracted/data_extracted/data/image/4/511/2014/d9cdb61ee86cac.jpg,13,6,46.15
153,4,DS,512,DS 3,../../compcars_cctv/extracted/data_extracted/data/image/4/512,../../compcars_cctv/extracted/data_extracted/data/image/4/512/2012/99347e3ab8a179.jpg,38,29,76.32
154,4,DS,516,DS 4,../../compcars_cctv/extracted/data_extracted/data/image/4/516,../../compcars_cctv/extracted/data_extracted/data/image/4/516/2012/c779153250b65a.jpg,15,11,73.33
155,36,Dongfengfengxing,553,Lingzhi,../../compcars_cctv/extracted/data_extracted/data/image/36/553,../../compcars_cctv/extracted/data_extracted/data/image/36/553/2013/8b1fa099c09c5e.jpg,10,10,100.0
156,36,Dongfengfengxing,554,Jingyi,../../compcars_cctv/extracted/data_extracted/data/image/36/554,../../compcars_cctv/extracted/data_extracted/data/image/36/554/2011/e970835b14135f.jpg,32,19,59.38
157,35,Dongfengfengshen,557,Fengshen CROSS,../../compcars_cctv/extracted/data_extracted/data/image/35/557,../../compcars_cctv/extracted/data_extracted/data/image/35/557/2014/8312806ce005e6.jpg,28,21,75.0
158,35,Dongfengfengshen,558,Fengshen H30,../../compcars_cctv/extracted/data_extracted/data/image/35/558,../../compcars_cctv/extracted/data_extracted/data/image/35/558/2012/227d1e9c342c36.jpg,23,12,52.17
159,35,Dongfengfengshen,559,Fengshen S30,../../compcars_cctv/extracted/data_extracted/data/image/35/559,../../compcars_cctv/extracted/data_extracted/data/image/35/559/2013/f201e3d4d3ccbf.jpg,49,19,38.78
160,35,Dongfengfengshen,563,Fengshen A60,../../compcars_cctv/extracted/data_extracted/data/image/35/563,../../compcars_cctv/extracted/data_extracted/data/image/35/563/2012/f6836ada953008.jpg,22,15,68.18
161,34,Dongfengfengdu,567,Shuaike,../../compcars_cctv/extracted/data_extracted/data/image/34/567,../../compcars_cctv/extracted/data_extracted/data/image/34/567/2014/f827a7994b9667.jpg,33,28,84.85
162,122,Ford,586,Fiesta sedan,../../compcars_cctv/extracted/data_extracted/data/image/122/586,../../compcars_cctv/extracted/data_extracted/data/image/122/586/2009/8df8a61e9b6e7c.jpg,30,22,73.33
163,122,Ford,587,Classic Focus hatchback,../../compcars_cctv/extracted/data_extracted/data/image/122/587,../../compcars_cctv/extracted/data_extracted/data/image/122/587/2008/3c5f75d4427b03.jpg,38,19,50.0
164,122,Ford,588,Classic Focus sedan,../../compcars_cctv/extracted/data_extracted/data/image/122/588,../../compcars_cctv/extracted/data_extracted/data/image/122/588/2008/b6af3ccebd1bab.jpg,49,18,36.73
165,122,Ford,589,S-MAX,../../compcars_cctv/extracted/data_extracted/data/image/122/589,../../compcars_cctv/extracted/data_extracted/data/image/122/589/2008/d546797ff6a99c.jpg,14,12,85.71
166,122,Ford,590,New Focus hatchback,../../compcars_cctv/extracted/data_extracted/data/image/122/590,../../compcars_cctv/extracted/data_extracted/data/image/122/590/2012/48b2e86f723cc0.jpg,15,5,33.33
167,122,Ford,591,New Focus sedan,../../compcars_cctv/extracted/data_extracted/data/image/122/591,../../compcars_cctv/extracted/data_extracted/data/image/122/591/2012/d5381e1cc99782.jpg,14,8,57.14
168,122,Ford,593,Ecosport,../../compcars_cctv/extracted/data_extracted/data/image/122/593,../../compcars_cctv/extracted/data_extracted/data/image/122/593/2013/904b4da6500e98.jpg,29,25,86.21
169,122,Ford,595,Mendeo Zhisheng,../../compcars_cctv/extracted/data_extracted/data/image/122/595,../../compcars_cctv/extracted/data_extracted/data/image/122/595/2010/87a5f557a3bd27.jpg,31,11,35.48
170,122,Ford,597,Fiesta hatchback,../../compcars_cctv/extracted/data_extracted/data/image/122/597,../../compcars_cctv/extracted/data_extracted/data/image/122/597/2009/3e143ee573269f.jpg,63,42,66.67
171,122,Ford,600,Focus ST,../../compcars_cctv/extracted/data_extracted/data/image/122/600,../../compcars_cctv/extracted/data_extracted/data/image/122/600/2014/21281ee9d4bccd.jpg,19,14,73.68
172,122,Ford,608,Mustang,../../compcars_cctv/extracted/data_extracted/data/image/122/608,../../compcars_cctv/extracted/data_extracted/data/image/122/608/2014/554baba2cd39bd.jpg,58,43,74.14
173,134,FIAT,641,Feixiang,../../compcars_cctv/extracted/data_extracted/data/image/134/641,../../compcars_cctv/extracted/data_extracted/data/image/134/641/2012/2c7650165fd13d.jpg,16,7,43.75
174,134,FIAT,642,Zhiyue,../../compcars_cctv/extracted/data_extracted/data/image/134/642,../../compcars_cctv/extracted/data_extracted/data/image/134/642/2014/927e84ac401bb6.jpg,13,2,15.38
175,134,FIAT,645,Bravo,../../compcars_cctv/extracted/data_extracted/data/image/134/645,../../compcars_cctv/extracted/data_extracted/data/image/134/645/2011/cfeb2e04bd8f39.jpg,29,11,37.93
176,134,FIAT,661,FIAT 500,../../compcars_cctv/extracted/data_extracted/data/image/134/661,../../compcars_cctv/extracted/data_extracted/data/image/134/661/2012/c00953ee07e6cb.jpg,48,44,91.67
177,121,Fuqiqiteng,671,Qiteng M70,../../compcars_cctv/extracted/data_extracted/data/image/121/671,../../compcars_cctv/extracted/data_extracted/data/image/121/671/2014/37ed402728524b.jpg,14,13,92.86
178,87,Guangqichuanqi,674,Chuanqi GS5,../../compcars_cctv/extracted/data_extracted/data/image/87/674,../../compcars_cctv/extracted/data_extracted/data/image/87/674/2012/a1bf26d556297d.jpg,30,25,83.33
179,71,Haval,688,Haval H3,../../compcars_cctv/extracted/data_extracted/data/image/71/688,../../compcars_cctv/extracted/data_extracted/data/image/71/688/2007/86a98844b3a2af.jpg,69,64,92.75
180,11,Jeep,735,Wrangler,../../compcars_cctv/extracted/data_extracted/data/image/11/735,../../compcars_cctv/extracted/data_extracted/data/image/11/735/2009/ca4b92a03479b9.jpg,79,79,100.0
181,11,Jeep,736,Compass,../../compcars_cctv/extracted/data_extracted/data/image/11/736,../../compcars_cctv/extracted/data_extracted/data/image/11/736/2013/ee4fb506b61599.jpg,61,44,72.13
182,11,Jeep,738,Patriot,../../compcars_cctv/extracted/data_extracted/data/image/11/738,../../compcars_cctv/extracted/data_extracted/data/image/11/738/2013/a1a133e3d45ab2.jpg,53,47,88.68
183,92,Jaguar,747,Gaguar XJ,../../compcars_cctv/extracted/data_extracted/data/image/92/747,../../compcars_cctv/extracted/data_extracted/data/image/92/747/2014/0ce762a515b024.jpg,59,32,54.24
184,92,Jaguar,756,Gaguar XF,../../compcars_cctv/extracted/data_extracted/data/image/92/756,../../compcars_cctv/extracted/data_extracted/data/image/92/756/2013/03fa490c512063.jpg,69,55,79.71
185,53,Cadillac,763,Seville SLS,../../compcars_cctv/extracted/data_extracted/data/image/53/763,../../compcars_cctv/extracted/data_extracted/data/image/53/763/2010/29d83960803f9b.jpg,48,23,47.92
186,53,Cadillac,764,Cadillac XTS,../../compcars_cctv/extracted/data_extracted/data/image/53/764,../../compcars_cctv/extracted/data_extracted/data/image/53/764/2013/7984d2c4c3fe4f.jpg,35,20,57.14
187,53,Cadillac,765,Cadillac CTS,../../compcars_cctv/extracted/data_extracted/data/image/53/765,../../compcars_cctv/extracted/data_extracted/data/image/53/765/2012/ddf4531142b3ef.jpg,63,41,65.08
188,53,Cadillac,766,Cadillac ATS-L,../../compcars_cctv/extracted/data_extracted/data/image/53/766,../../compcars_cctv/extracted/data_extracted/data/image/53/766/2014/649fe15d463641.jpg,13,10,76.92
189,53,Cadillac,770,Cadillac SRX,../../compcars_cctv/extracted/data_extracted/data/image/53/770,../../compcars_cctv/extracted/data_extracted/data/image/53/770/2010/87b375d1767df1.jpg,54,46,85.19
190,160,Renault,786,Wind Lang,../../compcars_cctv/extracted/data_extracted/data/image/160/786,../../compcars_cctv/extracted/data_extracted/data/image/160/786/2011/26c83927654756.jpg,12,4,33.33
191,160,Renault,787,Koleos,../../compcars_cctv/extracted/data_extracted/data/image/160/787,../../compcars_cctv/extracted/data_extracted/data/image/160/787/2010/40f51631af1774.jpg,64,52,81.25
192,160,Renault,792,Latitude,../../compcars_cctv/extracted/data_extracted/data/image/160/792,../../compcars_cctv/extracted/data_extracted/data/image/160/792/2013/e1a351e6e617e3.jpg,16,10,62.5
193,160,Renault,807,Scenic,../../compcars_cctv/extracted/data_extracted/data/image/160/807,../../compcars_cctv/extracted/data_extracted/data/image/160/807/2011/b14d29c1f1f9c8.jpg,18,10,55.56
194,155,Lufeng,811,Landwind X8,../../compcars_cctv/extracted/data_extracted/data/image/155/811,../../compcars_cctv/extracted/data_extracted/data/image/155/811/2009/41fea801ad2400.jpg,28,9,32.14
195,155,Lufeng,814,Landwind X5,../../compcars_cctv/extracted/data_extracted/data/image/155/814,../../compcars_cctv/extracted/data_extracted/data/image/155/814/2013/bf4468ba2498ee.jpg,14,9,64.29
196,15,MINI,827,MINI,../../compcars_cctv/extracted/data_extracted/data/image/15/827,../../compcars_cctv/extracted/data_extracted/data/image/15/827/2014/5de6a4c1e9d309.jpg,70,57,81.43
197,15,MINI,828,MINI CLUBMAN,../../compcars_cctv/extracted/data_extracted/data/image/15/828,../../compcars_cctv/extracted/data_extracted/data/image/15/828/2013/62c258c90b7a4b.jpg,63,58,92.06
198,15,MINI,829,MINI COUNTRYMAN,../../compcars_cctv/extracted/data_extracted/data/image/15/829,../../compcars_cctv/extracted/data_extracted/data/image/15/829/2012/67fae190fdc58f.jpg,51,41,80.39
199,15,MINI,831,MINI PACEMAN,../../compcars_cctv/extracted/data_extracted/data/image/15/831,../../compcars_cctv/extracted/data_extracted/data/image/15/831/2013/60303cf345142f.jpg,41,40,97.56
200,97,Nissan,854,Teana,../../compcars_cctv/extracted/data_extracted/data/image/97/854,../../compcars_cctv/extracted/data_extracted/data/image/97/854/2008/1e91c8da3a4526.jpg,76,60,78.95
201,97,Nissan,855,New Sylphy,../../compcars_cctv/extracted/data_extracted/data/image/97/855,../../compcars_cctv/extracted/data_extracted/data/image/97/855/2014/c9a28b040522e9.jpg,21,9,42.86
202,97,Nissan,856,Sylphy,../../compcars_cctv/extracted/data_extracted/data/image/97/856,../../compcars_cctv/extracted/data_extracted/data/image/97/856/2010/71ac9702282ce1.jpg,31,20,64.52
203,97,Nissan,857,Sunshine,../../compcars_cctv/extracted/data_extracted/data/image/97/857,../../compcars_cctv/extracted/data_extracted/data/image/97/857/2014/00c289c625af44.jpg,28,18,64.29
204,97,Nissan,859,Qashqai,../../compcars_cctv/extracted/data_extracted/data/image/97/859,../../compcars_cctv/extracted/data_extracted/data/image/97/859/2012/20ab901e95150d.jpg,72,33,45.83
205,97,Nissan,860,Livina,../../compcars_cctv/extracted/data_extracted/data/image/97/860,../../compcars_cctv/extracted/data_extracted/data/image/97/860/2010/c14cd2d7f94c3b.jpg,24,12,50.0
206,97,Nissan,861,Tiida,../../compcars_cctv/extracted/data_extracted/data/image/97/861,../../compcars_cctv/extracted/data_extracted/data/image/97/861/2011/187280c6c10ff3.jpg,21,14,66.67
207,97,Nissan,864,Ma Chi,../../compcars_cctv/extracted/data_extracted/data/image/97/864,../../compcars_cctv/extracted/data_extracted/data/image/97/864/2010/19265ad838440b.jpg,21,9,42.86
208,97,Nissan,868,Nissan NV200,../../compcars_cctv/extracted/data_extracted/data/image/97/868,../../compcars_cctv/extracted/data_extracted/data/image/97/868/2011/9682cc2696a0c4.jpg,46,35,76.09
209,97,Nissan,872,Nissan GT-R,../../compcars_cctv/extracted/data_extracted/data/image/97/872,../../compcars_cctv/extracted/data_extracted/data/image/97/872/2014/83cd2147fc4b0d.jpg,64,60,93.75
210,95,Skoda,910,Fabia,../../compcars_cctv/extracted/data_extracted/data/image/95/910,../../compcars_cctv/extracted/data_extracted/data/image/95/910/2008/6de5e2b1408121.jpg,62,49,79.03
211,95,Skoda,911,Octavia,../../compcars_cctv/extracted/data_extracted/data/image/95/911,../../compcars_cctv/extracted/data_extracted/data/image/95/911/2014/749828747080d4.jpg,79,59,74.68
212,95,Skoda,913,Superb,../../compcars_cctv/extracted/data_extracted/data/image/95/913,../../compcars_cctv/extracted/data_extracted/data/image/95/913/2013/4cb99de4fe3e3f.jpg,14,5,35.71
213,95,Skoda,914,Yeti,../../compcars_cctv/extracted/data_extracted/data/image/95/914,../../compcars_cctv/extracted/data_extracted/data/image/95/914/2014/bdd65f2f9675fd.jpg,15,11,73.33
214,95,Skoda,915,Haorui,../../compcars_cctv/extracted/data_extracted/data/image/95/915,../../compcars_cctv/extracted/data_extracted/data/image/95/915/2012/66cde8f8470235.jpg,46,21,45.65
215,95,Skoda,917,Rapid,../../compcars_cctv/extracted/data_extracted/data/image/95/917,../../compcars_cctv/extracted/data_extracted/data/image/95/917/2013/b96116766023f0.jpg,41,23,56.1
216,95,Skoda,932,Superb Derivative,../../compcars_cctv/extracted/data_extracted/data/image/95/932,../../compcars_cctv/extracted/data_extracted/data/image/95/932/2014/4a54deaa9e06da.jpg,26,18,69.23
217,68,Shuanglong,937,Kyron,../../compcars_cctv/extracted/data_extracted/data/image/68/937,../../compcars_cctv/extracted/data_extracted/data/image/68/937/2010/c3838bb2879d0a.jpg,11,8,72.73
218,80,Wealeak,953,WeaLink X5,../../compcars_cctv/extracted/data_extracted/data/image/80/953,../../compcars_cctv/extracted/data_extracted/data/image/80/953/2010/beb3732938167f.jpg,10,5,50.0
219,118,Hyundai ,955,i30,../../compcars_cctv/extracted/data_extracted/data/image/118/955,../../compcars_cctv/extracted/data_extracted/data/image/118/955/2009/4094c5f6cedfe3.jpg,28,10,35.71
220,118,Hyundai ,956,ix35,../../compcars_cctv/extracted/data_extracted/data/image/118/956,../../compcars_cctv/extracted/data_extracted/data/image/118/956/2012/87b242e5286b93.jpg,23,19,82.61
221,118,Hyundai ,957,Avante,../../compcars_cctv/extracted/data_extracted/data/image/118/957,../../compcars_cctv/extracted/data_extracted/data/image/118/957/2013/7713abfc168f03.jpg,16,4,25.0
222,118,Hyundai ,958,Sonata,../../compcars_cctv/extracted/data_extracted/data/image/118/958,../../compcars_cctv/extracted/data_extracted/data/image/118/958/2009/e85d6a252e4ac2.jpg,12,6,50.0
223,118,Hyundai ,959,Mistra,../../compcars_cctv/extracted/data_extracted/data/image/118/959,../../compcars_cctv/extracted/data_extracted/data/image/118/959/2014/18297f576daca5.jpg,10,1,10.0
224,118,Hyundai ,960,Moinca,../../compcars_cctv/extracted/data_extracted/data/image/118/960,../../compcars_cctv/extracted/data_extracted/data/image/118/960/2009/64f96b426c853b.jpg,14,11,78.57
225,118,Hyundai ,961,Santafe,../../compcars_cctv/extracted/data_extracted/data/image/118/961,../../compcars_cctv/extracted/data_extracted/data/image/118/961/2008/452b9fe7765218.jpg,63,25,39.68
226,118,Hyundai ,962,Rena,../../compcars_cctv/extracted/data_extracted/data/image/118/962,../../compcars_cctv/extracted/data_extracted/data/image/118/962/2014/59b319b5cfaddc.jpg,22,9,40.91
227,118,Hyundai ,963,Verna,../../compcars_cctv/extracted/data_extracted/data/image/118/963,../../compcars_cctv/extracted/data_extracted/data/image/118/963/2014/b1ac2b94ba43ed.jpg,27,22,81.48
228,118,Hyundai ,964,Sonata 8,../../compcars_cctv/extracted/data_extracted/data/image/118/964,../../compcars_cctv/extracted/data_extracted/data/image/118/964/2011/3316d9a427ee8c.jpg,21,17,80.95
229,118,Hyundai ,968,Elantra Yuedong,../../compcars_cctv/extracted/data_extracted/data/image/118/968,../../compcars_cctv/extracted/data_extracted/data/image/118/968/2011/ba866fd35cd80a.jpg,25,6,24.0
230,118,Hyundai ,976,Rohens,../../compcars_cctv/extracted/data_extracted/data/image/118/976,../../compcars_cctv/extracted/data_extracted/data/image/118/976/2008/45101c0caed021.jpg,17,5,29.41
231,118,Hyundai ,980,Equus,../../compcars_cctv/extracted/data_extracted/data/image/118/980,../../compcars_cctv/extracted/data_extracted/data/image/118/980/2010/59020c688e385c.jpg,21,11,52.38
232,118,Hyundai ,1004,Veloster,../../compcars_cctv/extracted/data_extracted/data/image/118/1004,../../compcars_cctv/extracted/data_extracted/data/image/118/1004/2011/24c45e2f456ea5.jpg,27,25,92.59
233,131,Infiniti,1006,Infiniti Q50,../../compcars_cctv/extracted/data_extracted/data/image/131/1006,../../compcars_cctv/extracted/data_extracted/data/image/131/1006/2014/c3e39cf2af0a4c.jpg,14,8,57.14
234,131,Infiniti,1010,Infiniti Q70L,../../compcars_cctv/extracted/data_extracted/data/image/131/1010,../../compcars_cctv/extracted/data_extracted/data/image/131/1010/2011/e61d2ca35f63fa.jpg,56,30,53.57
235,131,Infiniti,1012,Infiniti QX50,../../compcars_cctv/extracted/data_extracted/data/image/131/1012,../../compcars_cctv/extracted/data_extracted/data/image/131/1012/2011/0eb629eb62ecf2.jpg,53,35,66.04
236,131,Infiniti,1015,Infiniti QX70,../../compcars_cctv/extracted/data_extracted/data/image/131/1015,../../compcars_cctv/extracted/data_extracted/data/image/131/1015/2011/f4372d714f2952.jpg,54,40,74.07
237,131,Infiniti,1016,Infiniti QX80,../../compcars_cctv/extracted/data_extracted/data/image/131/1016,../../compcars_cctv/extracted/data_extracted/data/image/131/1016/2011/a26a3504a5f5f8.jpg,23,14,60.87
238,131,Infiniti,1023,Infiniti G Class,../../compcars_cctv/extracted/data_extracted/data/image/131/1023,../../compcars_cctv/extracted/data_extracted/data/image/131/1023/2013/3467fb16badddc.jpg,14,12,85.71
239,45,Zoyte,1027,Zotye 5008,../../compcars_cctv/extracted/data_extracted/data/image/45/1027,../../compcars_cctv/extracted/data_extracted/data/image/45/1027/2010/64c45821a74adb.jpg,17,13,76.47
240,27,Yiqi,1065,Weizhi,../../compcars_cctv/extracted/data_extracted/data/image/27/1065,../../compcars_cctv/extracted/data_extracted/data/image/27/1065/2009/13362ba6a8a4b8.jpg,14,7,50.0
241,27,Yiqi,1066,Weizhi V2,../../compcars_cctv/extracted/data_extracted/data/image/27/1066,../../compcars_cctv/extracted/data_extracted/data/image/27/1066/2010/4bc7d786591acd.jpg,18,14,77.78
242,27,Yiqi,1068,Weizhi V5,../../compcars_cctv/extracted/data_extracted/data/image/27/1068,../../compcars_cctv/extracted/data_extracted/data/image/27/1068/2013/f182a3816674c6.jpg,18,15,83.33
243,27,Yiqi,1070,Xiali N5,../../compcars_cctv/extracted/data_extracted/data/image/27/1070,../../compcars_cctv/extracted/data_extracted/data/image/27/1070/2010/6f8ac5d6519198.jpg,32,20,62.5
244,50,Chrysler,1131,Chrysler 300C,../../compcars_cctv/extracted/data_extracted/data/image/50/1131,../../compcars_cctv/extracted/data_extracted/data/image/50/1131/2014/ffc0936ea3625b.jpg,43,34,79.07
245,142,LAND-ROVER,1134,Discovery,../../compcars_cctv/extracted/data_extracted/data/image/142/1134,../../compcars_cctv/extracted/data_extracted/data/image/142/1134/2014/4631e1416ea5be.jpg,68,64,94.12
246,142,LAND-ROVER,1135,Range Rover,../../compcars_cctv/extracted/data_extracted/data/image/142/1135,../../compcars_cctv/extracted/data_extracted/data/image/142/1135/2013/2dc0713d4c48a5.jpg,52,48,92.31
247,142,LAND-ROVER,1137,Evoque,../../compcars_cctv/extracted/data_extracted/data/image/142/1137,../../compcars_cctv/extracted/data_extracted/data/image/142/1137/2014/54807bb696d6e2.jpg,45,37,82.22
248,142,LAND-ROVER,1138,Range Rover Sport,../../compcars_cctv/extracted/data_extracted/data/image/142/1138,../../compcars_cctv/extracted/data_extracted/data/image/142/1138/2014/3d4ae4a55b360d.jpg,61,46,75.41
249,51,Lamorghini ,1159,Gallardo,../../compcars_cctv/extracted/data_extracted/data/image/51/1159,../../compcars_cctv/extracted/data_extracted/data/image/51/1159/2010/605280d9862bed.jpg,57,55,96.49
250,140,KIA,1180,Forte,../../compcars_cctv/extracted/data_extracted/data/image/140/1180,../../compcars_cctv/extracted/data_extracted/data/image/140/1180/2009/39591b251d2d59.jpg,46,28,60.87
251,140,KIA,1181,KIA K2 sedan,../../compcars_cctv/extracted/data_extracted/data/image/140/1181,../../compcars_cctv/extracted/data_extracted/data/image/140/1181/2011/a60edcf74849ef.jpg,21,13,61.9
252,140,KIA,1182,KIA K3,../../compcars_cctv/extracted/data_extracted/data/image/140/1182,../../compcars_cctv/extracted/data_extracted/data/image/140/1182/2013/8ca0dc54034399.jpg,14,6,42.86
253,140,KIA,1183,KIA K3S,../../compcars_cctv/extracted/data_extracted/data/image/140/1183,../../compcars_cctv/extracted/data_extracted/data/image/140/1183/2014/01db9667423f73.jpg,11,6,54.55
254,140,KIA,1185,KIA K5,../../compcars_cctv/extracted/data_extracted/data/image/140/1185,../../compcars_cctv/extracted/data_extracted/data/image/140/1185/2011/3f9646c86fb985.jpg,30,22,73.33
255,140,KIA,1188,Sportage,../../compcars_cctv/extracted/data_extracted/data/image/140/1188,../../compcars_cctv/extracted/data_extracted/data/image/140/1188/2009/e5c0c42aedf5c0.jpg,52,34,65.38
256,140,KIA,1189,Soul,../../compcars_cctv/extracted/data_extracted/data/image/140/1189,../../compcars_cctv/extracted/data_extracted/data/image/140/1189/2010/587ce7a1ebcd18.jpg,59,47,79.66
257,140,KIA,1190,Sportage R,../../compcars_cctv/extracted/data_extracted/data/image/140/1190,../../compcars_cctv/extracted/data_extracted/data/image/140/1190/2014/ac5dd7d9e636dc.jpg,43,34,79.07
258,140,KIA,1195,Borrego,../../compcars_cctv/extracted/data_extracted/data/image/140/1195,../../compcars_cctv/extracted/data_extracted/data/image/140/1195/2008/1836b6cd58be25.jpg,15,7,46.67
259,140,KIA,1199,Shuma,../../compcars_cctv/extracted/data_extracted/data/image/140/1199,../../compcars_cctv/extracted/data_extracted/data/image/140/1199/2014/e22a66b0bfc3a1.jpg,34,17,50.0
260,140,KIA,1200,Sorento,../../compcars_cctv/extracted/data_extracted/data/image/140/1200,../../compcars_cctv/extracted/data_extracted/data/image/140/1200/2009/721642cb98c7ec.jpg,56,35,62.5
261,140,KIA,1221,Kaizun,../../compcars_cctv/extracted/data_extracted/data/image/140/1221,../../compcars_cctv/extracted/data_extracted/data/image/140/1221/2012/559285b0ddf500.jpg,50,27,54.0
262,132,Roewe,1222,Roewe 350,../../compcars_cctv/extracted/data_extracted/data/image/132/1222,../../compcars_cctv/extracted/data_extracted/data/image/132/1222/2012/3f3112e22f3b2a.jpg,59,48,81.36
263,132,Roewe,1224,Roewe 750,../../compcars_cctv/extracted/data_extracted/data/image/132/1224,../../compcars_cctv/extracted/data_extracted/data/image/132/1224/2009/4024f28759641e.jpg,24,21,87.5
264,132,Roewe,1229,Roewe 550,../../compcars_cctv/extracted/data_extracted/data/image/132/1229,../../compcars_cctv/extracted/data_extracted/data/image/132/1229/2009/ec9f1369cf03e0.jpg,77,68,88.31
265,94,Subaru,1236,Impreza hatchback,../../compcars_cctv/extracted/data_extracted/data/image/94/1236,../../compcars_cctv/extracted/data_extracted/data/image/94/1236/2008/58667675ebab79.jpg,25,11,44.0
266,94,Subaru,1237,Impreza sedan,../../compcars_cctv/extracted/data_extracted/data/image/94/1237,../../compcars_cctv/extracted/data_extracted/data/image/94/1237/2009/9b211b54cf2978.jpg,30,17,56.67
267,29,Shangqidatong,1246,MAXUS V80xs,../../compcars_cctv/extracted/data_extracted/data/image/29/1246,../../compcars_cctv/extracted/data_extracted/data/image/29/1246/2011/6bc3f19dca5b3e.jpg,12,12,100.0
268,158,Citroen,1251,c-Elysee sedan,../../compcars_cctv/extracted/data_extracted/data/image/158/1251,../../compcars_cctv/extracted/data_extracted/data/image/158/1251/2013/bcbab58f11c99e.jpg,72,65,90.28
269,158,Citroen,1253,Elysee,../../compcars_cctv/extracted/data_extracted/data/image/158/1253,../../compcars_cctv/extracted/data_extracted/data/image/158/1253/2014/1a07d1d8a0ffbf.jpg,13,3,23.08
270,158,Citroen,1255,Quatre hatchback,../../compcars_cctv/extracted/data_extracted/data/image/158/1255,../../compcars_cctv/extracted/data_extracted/data/image/158/1255/2011/bdf4947c6934ac.jpg,57,40,70.18
271,158,Citroen,1256,Quatre sedan,../../compcars_cctv/extracted/data_extracted/data/image/158/1256,../../compcars_cctv/extracted/data_extracted/data/image/158/1256/2013/7df7f760851aaf.jpg,70,45,64.29
272,158,Citroen,1257,Citroen C2,../../compcars_cctv/extracted/data_extracted/data/image/158/1257,../../compcars_cctv/extracted/data_extracted/data/image/158/1257/2012/5e2f40c0fef8ed.jpg,16,12,75.0
273,158,Citroen,1258,Citroen C4L,../../compcars_cctv/extracted/data_extracted/data/image/158/1258,../../compcars_cctv/extracted/data_extracted/data/image/158/1258/2013/8e279431c30495.jpg,32,21,65.62
274,158,Citroen,1259,Citroen C5,../../compcars_cctv/extracted/data_extracted/data/image/158/1259,../../compcars_cctv/extracted/data_extracted/data/image/158/1259/2011/59ef713e8e5c1e.jpg,85,67,78.82
275,106,Jonway,1313,Yongyuan A380,../../compcars_cctv/extracted/data_extracted/data/image/106/1313,../../compcars_cctv/extracted/data_extracted/data/image/106/1313/2013/b81f40fecbed43.jpg,9,4,44.44
276,39,Toyota,1321,Toyota RAV4,../../compcars_cctv/extracted/data_extracted/data/image/39/1321,../../compcars_cctv/extracted/data_extracted/data/image/39/1321/2009/90553e301ea2d4.jpg,58,30,51.72
277,39,Toyota,1322,Crown,../../compcars_cctv/extracted/data_extracted/data/image/39/1322,../../compcars_cctv/extracted/data_extracted/data/image/39/1322/2010/5be63e1d6e950b.jpg,35,11,31.43
278,39,Toyota,1325,Lcruiser,../../compcars_cctv/extracted/data_extracted/data/image/39/1325,../../compcars_cctv/extracted/data_extracted/data/image/39/1325/2010/f4ea9fe0abbe93.jpg,19,14,73.68
279,39,Toyota,1326,Prado,../../compcars_cctv/extracted/data_extracted/data/image/39/1326,../../compcars_cctv/extracted/data_extracted/data/image/39/1326/2010/326d1b918eca84.jpg,52,47,90.38
280,39,Toyota,1327,Prius,../../compcars_cctv/extracted/data_extracted/data/image/39/1327,../../compcars_cctv/extracted/data_extracted/data/image/39/1327/2012/273740fe227e44.jpg,9,9,100.0
281,39,Toyota,1328,Reiz,../../compcars_cctv/extracted/data_extracted/data/image/39/1328,../../compcars_cctv/extracted/data_extracted/data/image/39/1328/2010/170ca36c2c22bd.jpg,44,24,54.55
282,39,Toyota,1329,Vios,../../compcars_cctv/extracted/data_extracted/data/image/39/1329,../../compcars_cctv/extracted/data_extracted/data/image/39/1329/2013/77b9772295a923.jpg,47,30,63.83
283,39,Toyota,1330,Huaguan,../../compcars_cctv/extracted/data_extracted/data/image/39/1330,../../compcars_cctv/extracted/data_extracted/data/image/39/1330/2010/f73996b949d3ba.jpg,38,23,60.53
284,39,Toyota,1332,Venza,../../compcars_cctv/extracted/data_extracted/data/image/39/1332,../../compcars_cctv/extracted/data_extracted/data/image/39/1332/2013/9714e2975c1bae.jpg,22,12,54.55
285,39,Toyota,1333,Alphard,../../compcars_cctv/extracted/data_extracted/data/image/39/1333,../../compcars_cctv/extracted/data_extracted/data/image/39/1333/2011/cb159d86bd67af.jpg,14,9,64.29
286,39,Toyota,1335,Toyota 86,../../compcars_cctv/extracted/data_extracted/data/image/39/1335,../../compcars_cctv/extracted/data_extracted/data/image/39/1335/2013/349c07c79c5688.jpg,28,17,60.71
287,39,Toyota,1386,Camry,../../compcars_cctv/extracted/data_extracted/data/image/39/1386,../../compcars_cctv/extracted/data_extracted/data/image/39/1386/2008/672763d25d2836.jpg,96,50,52.08
288,39,Toyota,1387,Camry hybrid,../../compcars_cctv/extracted/data_extracted/data/image/39/1387,../../compcars_cctv/extracted/data_extracted/data/image/39/1387/2012/9a27f5c5be1764.jpg,13,9,69.23
289,39,Toyota,1389,Yaris,../../compcars_cctv/extracted/data_extracted/data/image/39/1389,../../compcars_cctv/extracted/data_extracted/data/image/39/1389/2015/32437f58e07208.jpg,42,32,76.19
290,39,Toyota,1390,EZ,../../compcars_cctv/extracted/data_extracted/data/image/39/1390,../../compcars_cctv/extracted/data_extracted/data/image/39/1390/2012/290890107bf06c.jpg,31,20,64.52
291,138,Qoros,1410,Qoros 3,../../compcars_cctv/extracted/data_extracted/data/image/138/1410,../../compcars_cctv/extracted/data_extracted/data/image/138/1410/2014/0c752b2f50f6ba.jpg,16,11,68.75
292,88,GAC,1417,Saboo GX5,../../compcars_cctv/extracted/data_extracted/data/image/88/1417,../../compcars_cctv/extracted/data_extracted/data/image/88/1417/2012/fb3f4334b6206d.jpg,9,5,55.56
293,114,Haima,1441,Haima M3,../../compcars_cctv/extracted/data_extracted/data/image/114/1441,../../compcars_cctv/extracted/data_extracted/data/image/114/1441/2013/d919abe27ce082.jpg,24,18,75.0
294,114,Haima,1443,Haima S5,../../compcars_cctv/extracted/data_extracted/data/image/114/1443,../../compcars_cctv/extracted/data_extracted/data/image/114/1443/2014/1438feabdad472.jpg,14,8,57.14
295,114,Haima,1444,Haima S7,../../compcars_cctv/extracted/data_extracted/data/image/114/1444,../../compcars_cctv/extracted/data_extracted/data/image/114/1444/2013/7a0ebcb7daf3ff.jpg,13,11,84.62
296,114,Haima,1445,Haimaqishi,../../compcars_cctv/extracted/data_extracted/data/image/114/1445,../../compcars_cctv/extracted/data_extracted/data/image/114/1445/2010/30be891036a779.jpg,28,19,67.86
297,114,Haima,1446,Haydo,../../compcars_cctv/extracted/data_extracted/data/image/114/1446,../../compcars_cctv/extracted/data_extracted/data/image/114/1446/2010/58baee5b62de73.jpg,28,19,67.86
298,114,Haima,1447,Premacy,../../compcars_cctv/extracted/data_extracted/data/image/114/1447,../../compcars_cctv/extracted/data_extracted/data/image/114/1447/2010/646cc81c4a3ae6.jpg,40,26,65.0
299,114,Haima,1448,Qiubite,../../compcars_cctv/extracted/data_extracted/data/image/114/1448,../../compcars_cctv/extracted/data_extracted/data/image/114/1448/2010/a3dcad20526ee9.jpg,29,6,20.69
300,114,Haima,1450,Family M5,../../compcars_cctv/extracted/data_extracted/data/image/114/1450,../../compcars_cctv/extracted/data_extracted/data/image/114/1450/2014/793ad7dcba49bd.jpg,14,4,28.57
301,64,Huatai,1452,Lusheng E70,../../compcars_cctv/extracted/data_extracted/data/image/64/1452,../../compcars_cctv/extracted/data_extracted/data/image/64/1452/2013/a219296c93997b.jpg,15,9,60.0
302,69,Geely,1478,Geely SC7,../../compcars_cctv/extracted/data_extracted/data/image/69/1478,../../compcars_cctv/extracted/data_extracted/data/image/69/1478/2011/262f61bb1da039.jpg,15,4,26.67
303,69,Geely,1483,King Kong sedan,../../compcars_cctv/extracted/data_extracted/data/image/69/1483,../../compcars_cctv/extracted/data_extracted/data/image/69/1483/2014/8dcb3e25d9b2de.jpg,39,15,38.46
304,69,Geely,1486,Classic Imperial hatchback,../../compcars_cctv/extracted/data_extracted/data/image/69/1486,../../compcars_cctv/extracted/data_extracted/data/image/69/1486/2013/3a10eea5ba967c.jpg,35,16,45.71
305,69,Geely,1487,Classic Imperial sedan,../../compcars_cctv/extracted/data_extracted/data/image/69/1487,../../compcars_cctv/extracted/data_extracted/data/image/69/1487/2010/8ff208f974547d.jpg,50,26,52.0
306,69,Geely,1494,Ziyoujian,../../compcars_cctv/extracted/data_extracted/data/image/69/1494,../../compcars_cctv/extracted/data_extracted/data/image/69/1494/2010/0cde8f53402eea.jpg,19,8,42.11
307,69,Geely,1509,Geely EC8,../../compcars_cctv/extracted/data_extracted/data/image/69/1509,../../compcars_cctv/extracted/data_extracted/data/image/69/1509/2013/080bbf00f23a5d.jpg,24,17,70.83
308,108,Jianghuai,1516,Binyue,../../compcars_cctv/extracted/data_extracted/data/image/108/1516,../../compcars_cctv/extracted/data_extracted/data/image/108/1516/2009/81cd1bb7fd71b4.jpg,27,12,44.44
309,108,Jianghuai,1521,Heyue RS,../../compcars_cctv/extracted/data_extracted/data/image/108/1521,../../compcars_cctv/extracted/data_extracted/data/image/108/1521/2009/03d76f18bda9d9.jpg,63,55,87.3
310,108,Jianghuai,1526,Ruifeng M5,../../compcars_cctv/extracted/data_extracted/data/image/108/1526,../../compcars_cctv/extracted/data_extracted/data/image/108/1526/2012/c9ad60a8402690.jpg,18,11,61.11
311,108,Jianghuai,1528,Ruifeng S5,../../compcars_cctv/extracted/data_extracted/data/image/108/1528,../../compcars_cctv/extracted/data_extracted/data/image/108/1528/2012/e41e60439433d0.jpg,13,5,38.46
312,108,Jianghuai,1530,Ruiying,../../compcars_cctv/extracted/data_extracted/data/image/108/1530,../../compcars_cctv/extracted/data_extracted/data/image/108/1530/2011/74e87081357fd5.jpg,21,14,66.67
313,108,Jianghuai,1531,Tongyue,../../compcars_cctv/extracted/data_extracted/data/image/108/1531,../../compcars_cctv/extracted/data_extracted/data/image/108/1531/2009/72606f21f54650.jpg,53,24,45.28
314,108,Jianghuai,1543,Heyue,../../compcars_cctv/extracted/data_extracted/data/image/108/1543,../../compcars_cctv/extracted/data_extracted/data/image/108/1543/2012/12ec61f140f5a8.jpg,45,11,24.44
315,148,Jinbei,1554,Dahaishi,../../compcars_cctv/extracted/data_extracted/data/image/148/1554,../../compcars_cctv/extracted/data_extracted/data/image/148/1554/2011/d14e2ab4b2dd01.jpg,21,20,95.24
316,159,Lexus,1565,Lexus CT,../../compcars_cctv/extracted/data_extracted/data/image/159/1565,../../compcars_cctv/extracted/data_extracted/data/image/159/1565/2014/75a983f212e19d.jpg,44,31,70.45
317,159,Lexus,1566,Lexus ES hybrid,../../compcars_cctv/extracted/data_extracted/data/image/159/1566,../../compcars_cctv/extracted/data_extracted/data/image/159/1566/2013/26d09420e6c1de.jpg,14,7,50.0
318,159,Lexus,1567,Lexus GS,../../compcars_cctv/extracted/data_extracted/data/image/159/1567,../../compcars_cctv/extracted/data_extracted/data/image/159/1567/2014/93ad344cb04b1c.jpg,33,13,39.39
319,159,Lexus,1568,Lexus GS hybrid,../../compcars_cctv/extracted/data_extracted/data/image/159/1568,../../compcars_cctv/extracted/data_extracted/data/image/159/1568/2009/7de20b14b21c3e.jpg,43,18,41.86
320,159,Lexus,1569,Lexus GX,../../compcars_cctv/extracted/data_extracted/data/image/159/1569,../../compcars_cctv/extracted/data_extracted/data/image/159/1569/2014/f37bb5c3757cb4.jpg,17,8,47.06
321,159,Lexus,1570,Lexus IS,../../compcars_cctv/extracted/data_extracted/data/image/159/1570,../../compcars_cctv/extracted/data_extracted/data/image/159/1570/2013/70fc9fea421909.jpg,32,20,62.5
322,159,Lexus,1571,Lexus IS convertible ,../../compcars_cctv/extracted/data_extracted/data/image/159/1571,../../compcars_cctv/extracted/data_extracted/data/image/159/1571/2011/c975a6f24b7f88.jpg,24,24,100.0
323,159,Lexus,1574,Lexus LS hybrid,../../compcars_cctv/extracted/data_extracted/data/image/159/1574,../../compcars_cctv/extracted/data_extracted/data/image/159/1574/2013/5f04b8e0a9d228.jpg,17,12,70.59
324,159,Lexus,1577,Lexus RX,../../compcars_cctv/extracted/data_extracted/data/image/159/1577,../../compcars_cctv/extracted/data_extracted/data/image/159/1577/2007/08e76318a3be24.jpg,62,51,82.26
325,159,Lexus,1578,Lexus RX hybrid,../../compcars_cctv/extracted/data_extracted/data/image/159/1578,../../compcars_cctv/extracted/data_extracted/data/image/159/1578/2013/5722e346d411a7.jpg,22,11,50.0
326,159,Lexus,1587,Lexus ES,../../compcars_cctv/extracted/data_extracted/data/image/159/1587,../../compcars_cctv/extracted/data_extracted/data/image/159/1587/2013/b8a0861b7fd4b6.jpg,14,4,28.57
327,55,Lifan,1590,Lifan 520,../../compcars_cctv/extracted/data_extracted/data/image/55/1590,../../compcars_cctv/extracted/data_extracted/data/image/55/1590/2010/f9b49cbf87a5ce.jpg,15,8,53.33
328,55,Lifan,1595,Lifan 720,../../compcars_cctv/extracted/data_extracted/data/image/55/1595,../../compcars_cctv/extracted/data_extracted/data/image/55/1595/2014/8a17084f34a5ec.jpg,11,6,54.55
329,55,Lifan,1601,Lifan 320,../../compcars_cctv/extracted/data_extracted/data/image/55/1601,../../compcars_cctv/extracted/data_extracted/data/image/55/1601/2010/5f771533e237e1.jpg,37,33,89.19
330,133,Lotus,1602,Jingyue,../../compcars_cctv/extracted/data_extracted/data/image/133/1602,../../compcars_cctv/extracted/data_extracted/data/image/133/1602/2009/b36b0b735e8b43.jpg,13,12,92.31
331,162,MAZDA,1609,Atenza,../../compcars_cctv/extracted/data_extracted/data/image/162/1609,../../compcars_cctv/extracted/data_extracted/data/image/162/1609/2014/d7045d219cbd4c.jpg,14,7,50.0
332,162,MAZDA,1611,Mazda CX7,../../compcars_cctv/extracted/data_extracted/data/image/162/1611,../../compcars_cctv/extracted/data_extracted/data/image/162/1611/2014/3eceaeb5d7e84b.jpg,24,8,33.33
333,162,MAZDA,1612,Ruiyi,../../compcars_cctv/extracted/data_extracted/data/image/162/1612,../../compcars_cctv/extracted/data_extracted/data/image/162/1612/2009/76e3caa2691102.jpg,32,20,62.5
334,162,MAZDA,1613,Ruiyi coupe,../../compcars_cctv/extracted/data_extracted/data/image/162/1613,../../compcars_cctv/extracted/data_extracted/data/image/162/1613/2010/e4ed2f1bbf89f7.jpg,30,20,66.67
335,162,MAZDA,1614,Mazda 6,../../compcars_cctv/extracted/data_extracted/data/image/162/1614,../../compcars_cctv/extracted/data_extracted/data/image/162/1614/2013/1c4633ec319604.jpg,38,19,50.0
336,162,MAZDA,1620,Mazda 3 abroad version,../../compcars_cctv/extracted/data_extracted/data/image/162/1620,../../compcars_cctv/extracted/data_extracted/data/image/162/1620/2014/5bed2beae9d0d2.jpg,34,21,61.76
337,162,MAZDA,1629,Mazda 5,../../compcars_cctv/extracted/data_extracted/data/image/162/1629,../../compcars_cctv/extracted/data_extracted/data/image/162/1629/2013/db233483e870f1.jpg,32,30,93.75
338,162,MAZDA,1631,Mazda 2,../../compcars_cctv/extracted/data_extracted/data/image/162/1631,../../compcars_cctv/extracted/data_extracted/data/image/162/1631/2012/7acfeb0e36b122.jpg,47,36,76.6
339,162,MAZDA,1632,Mazda 2 sedan,../../compcars_cctv/extracted/data_extracted/data/image/162/1632,../../compcars_cctv/extracted/data_extracted/data/image/162/1632/2011/93f0e8af02f582.jpg,11,4,36.36
340,162,MAZDA,1633,Mazda 3,../../compcars_cctv/extracted/data_extracted/data/image/162/1633,../../compcars_cctv/extracted/data_extracted/data/image/162/1633/2010/05cbca02c0e7a0.jpg,29,10,34.48
341,162,MAZDA,1634,Mazda 3 Xingcheng hatchback,../../compcars_cctv/extracted/data_extracted/data/image/162/1634,../../compcars_cctv/extracted/data_extracted/data/image/162/1634/2012/50b8bf9cee5c1a.jpg,16,15,93.75
342,162,MAZDA,1635,Mazda 3 Xingcheng sedan,../../compcars_cctv/extracted/data_extracted/data/image/162/1635,../../compcars_cctv/extracted/data_extracted/data/image/162/1635/2011/736a7f0ce79dbe.jpg,26,9,34.62
343,162,MAZDA,1636,Mazda CX-5,../../compcars_cctv/extracted/data_extracted/data/image/162/1636,../../compcars_cctv/extracted/data_extracted/data/image/162/1636/2013/d2bf85622d50df.jpg,29,25,86.21
344,162,MAZDA,1637,Axela sedan,../../compcars_cctv/extracted/data_extracted/data/image/162/1637,../../compcars_cctv/extracted/data_extracted/data/image/162/1637/2014/303792de3d6892.jpg,14,13,92.86
345,75,Chrey,1652,Eastar Cross,../../compcars_cctv/extracted/data_extracted/data/image/75/1652,../../compcars_cctv/extracted/data_extracted/data/image/75/1652/2009/a8597dc8baa374.jpg,14,8,57.14
346,75,Chrey,1653,Fulwin 2 hatchback,../../compcars_cctv/extracted/data_extracted/data/image/75/1653,../../compcars_cctv/extracted/data_extracted/data/image/75/1653/2010/c0c021b865d185.jpg,12,3,25.0
347,75,Chrey,1654,Fulwin 2 sedan,../../compcars_cctv/extracted/data_extracted/data/image/75/1654,../../compcars_cctv/extracted/data_extracted/data/image/75/1654/2010/e4ac2bc38e4889.jpg,16,12,75.0
348,75,Chrey,1656,Chrey A3 hatchback,../../compcars_cctv/extracted/data_extracted/data/image/75/1656,../../compcars_cctv/extracted/data_extracted/data/image/75/1656/2008/453f01f50a27dd.jpg,29,27,93.1
349,75,Chrey,1657,Chrey A3 sedan,../../compcars_cctv/extracted/data_extracted/data/image/75/1657,../../compcars_cctv/extracted/data_extracted/data/image/75/1657/2010/2ecad8db076348.jpg,17,15,88.24
350,75,Chrey,1660,Chrey E5,../../compcars_cctv/extracted/data_extracted/data/image/75/1660,../../compcars_cctv/extracted/data_extracted/data/image/75/1660/2011/7d0eb70a6f2065.jpg,27,17,62.96
351,75,Chrey,1661,Chrey QQ,../../compcars_cctv/extracted/data_extracted/data/image/75/1661,../../compcars_cctv/extracted/data_extracted/data/image/75/1661/2013/b57b9505df206b.jpg,11,6,54.55
352,75,Chrey,1662,Chrey QQ3,../../compcars_cctv/extracted/data_extracted/data/image/75/1662,../../compcars_cctv/extracted/data_extracted/data/image/75/1662/2009/948b977dcbefc5.jpg,24,19,79.17
353,75,Chrey,1665,Chrey X1,../../compcars_cctv/extracted/data_extracted/data/image/75/1665,../../compcars_cctv/extracted/data_extracted/data/image/75/1665/2010/45e3d65a5bcd3c.jpg,22,22,100.0
354,75,Chrey,1668,Cowin 2,../../compcars_cctv/extracted/data_extracted/data/image/75/1668,../../compcars_cctv/extracted/data_extracted/data/image/75/1668/2012/11c5ebfa96cba4.jpg,20,12,60.0
355,75,Chrey,1669,Cowin 3,../../compcars_cctv/extracted/data_extracted/data/image/75/1669,../../compcars_cctv/extracted/data_extracted/data/image/75/1669/2010/0224277fd60877.jpg,13,5,38.46
356,75,Chrey,1671,Tiggo,../../compcars_cctv/extracted/data_extracted/data/image/75/1671,../../compcars_cctv/extracted/data_extracted/data/image/75/1671/2009/2faf11e7f406af.jpg,51,46,90.2
357,75,Chrey,1673,Tiggo 5,../../compcars_cctv/extracted/data_extracted/data/image/75/1673,../../compcars_cctv/extracted/data_extracted/data/image/75/1673/2014/d5de2d7bfce50a.jpg,13,7,53.85
358,75,Chrey,1683,Arrizo 7,../../compcars_cctv/extracted/data_extracted/data/image/75/1683,../../compcars_cctv/extracted/data_extracted/data/image/75/1683/2013/187a1490a4378f.jpg,14,7,50.0
359,120,Ruiqi,1691,Ruiqi G5,../../compcars_cctv/extracted/data_extracted/data/image/120/1691,../../compcars_cctv/extracted/data_extracted/data/image/120/1691/2010/8d475f4d68d075.jpg,27,21,77.78
360,26,smart,1692,smart fortwo,../../compcars_cctv/extracted/data_extracted/data/image/26/1692,../../compcars_cctv/extracted/data_extracted/data/image/26/1692/2012/f812a80741f54a.jpg,80,67,83.75
361,111,Volvo,1701,Volvo C30,../../compcars_cctv/extracted/data_extracted/data/image/111/1701,../../compcars_cctv/extracted/data_extracted/data/image/111/1701/2009/c1b3bd781b0fa4.jpg,74,60,81.08
362,111,Volvo,1702,Volvo S60,../../compcars_cctv/extracted/data_extracted/data/image/111/1702,../../compcars_cctv/extracted/data_extracted/data/image/111/1702/2013/878711a4117a4b.jpg,59,37,62.71
363,111,Volvo,1703,Volvo V40,../../compcars_cctv/extracted/data_extracted/data/image/111/1703,../../compcars_cctv/extracted/data_extracted/data/image/111/1703/2013/74613a239844bf.jpg,32,19,59.38
364,111,Volvo,1704,Volvo V40 CrossCountry,../../compcars_cctv/extracted/data_extracted/data/image/111/1704,../../compcars_cctv/extracted/data_extracted/data/image/111/1704/2014/f6b926544afc81.jpg,15,10,66.67
365,111,Volvo,1705,Volvo V60,../../compcars_cctv/extracted/data_extracted/data/image/111/1705,../../compcars_cctv/extracted/data_extracted/data/image/111/1705/2013/0506aae4f0c817.jpg,49,34,69.39
366,111,Volvo,1706,Volvo XC60,../../compcars_cctv/extracted/data_extracted/data/image/111/1706,../../compcars_cctv/extracted/data_extracted/data/image/111/1706/2009/c0507c0456e6cd.jpg,100,81,81.0
367,111,Volvo,1707,Volvo XC90 abroad version,../../compcars_cctv/extracted/data_extracted/data/image/111/1707,../../compcars_cctv/extracted/data_extracted/data/image/111/1707/2011/7c7f2672e61c52.jpg,80,69,86.25
368,111,Volvo,1719,Volvo C70,../../compcars_cctv/extracted/data_extracted/data/image/111/1719,../../compcars_cctv/extracted/data_extracted/data/image/111/1719/2010/1c0908f26353b7.jpg,29,23,79.31
369,111,Volvo,1720,Volvo S40,../../compcars_cctv/extracted/data_extracted/data/image/111/1720,../../compcars_cctv/extracted/data_extracted/data/image/111/1720/2011/bb9ae73cb2d1a8.jpg,27,13,48.15
370,111,Volvo,1721,Volvo S80L,../../compcars_cctv/extracted/data_extracted/data/image/111/1721,../../compcars_cctv/extracted/data_extracted/data/image/111/1721/2010/12dd99cf2dd9de.jpg,66,44,66.67
371,111,Volvo,1722,Volvo S60L,../../compcars_cctv/extracted/data_extracted/data/image/111/1722,../../compcars_cctv/extracted/data_extracted/data/image/111/1722/2014/9302fc4af29835.jpg,27,15,55.56
372,89,Karry,1786,Youyou,../../compcars_cctv/extracted/data_extracted/data/image/89/1786,../../compcars_cctv/extracted/data_extracted/data/image/89/1786/2010/f449f27e288f75.jpg,10,8,80.0
373,149,Suzuki,1790,Alto,../../compcars_cctv/extracted/data_extracted/data/image/149/1790,../../compcars_cctv/extracted/data_extracted/data/image/149/1790/2010/6b1285d35dcaac.jpg,48,46,95.83
374,149,Suzuki,1791,Cultus,../../compcars_cctv/extracted/data_extracted/data/image/149/1791,../../compcars_cctv/extracted/data_extracted/data/image/149/1791/2011/4bf088112a43b3.jpg,17,16,94.12
375,149,Suzuki,1793,Tianyu SX4 hatchback,../../compcars_cctv/extracted/data_extracted/data/image/149/1793,../../compcars_cctv/extracted/data_extracted/data/image/149/1793/2012/f89762d1e93b26.jpg,60,33,55.0
376,149,Suzuki,1794,Tianyu SX4 sedan,../../compcars_cctv/extracted/data_extracted/data/image/149/1794,../../compcars_cctv/extracted/data_extracted/data/image/149/1794/2009/377bce9eb0f192.jpg,13,7,53.85
377,149,Suzuki,1795,Tianyushangyue,../../compcars_cctv/extracted/data_extracted/data/image/149/1795,../../compcars_cctv/extracted/data_extracted/data/image/149/1795/2011/d6ca9d17e6cfff.jpg,15,13,86.67
378,149,Suzuki,1796,Yuyan,../../compcars_cctv/extracted/data_extracted/data/image/149/1796,../../compcars_cctv/extracted/data_extracted/data/image/149/1796/2013/67f8650dbd56cb.jpg,48,47,97.92
379,149,Suzuki,1799,Kazishi,../../compcars_cctv/extracted/data_extracted/data/image/149/1799,../../compcars_cctv/extracted/data_extracted/data/image/149/1799/2010/c20089f85a8e77.jpg,27,13,48.15
380,149,Suzuki,1812,Bei Douxing,../../compcars_cctv/extracted/data_extracted/data/image/149/1812,../../compcars_cctv/extracted/data_extracted/data/image/149/1812/2010/67100002fa9770.jpg,42,34,80.95
381,119,Everus,1819,Linian S1,../../compcars_cctv/extracted/data_extracted/data/image/119/1819,../../compcars_cctv/extracted/data_extracted/data/image/119/1819/2013/6a78e204a8e331.jpg,21,11,52.38
382,14,MG,1827,MG3 SW,../../compcars_cctv/extracted/data_extracted/data/image/14/1827,../../compcars_cctv/extracted/data_extracted/data/image/14/1827/2009/4531bf6ab1e953.jpg,14,13,92.86
383,14,MG,1829,MG5,../../compcars_cctv/extracted/data_extracted/data/image/14/1829,../../compcars_cctv/extracted/data_extracted/data/image/14/1829/2014/b33958e479a8f0.jpg,26,14,53.85
384,14,MG,1830,MG6 sedan,../../compcars_cctv/extracted/data_extracted/data/image/14/1830,../../compcars_cctv/extracted/data_extracted/data/image/14/1830/2011/2e873fb5f79539.jpg,12,7,58.33
385,14,MG,1831,MG6 hatchback,../../compcars_cctv/extracted/data_extracted/data/image/14/1831,../../compcars_cctv/extracted/data_extracted/data/image/14/1831/2010/8df660fd15febb.jpg,40,29,72.5
386,14,MG,1832,MG7,../../compcars_cctv/extracted/data_extracted/data/image/14/1832,../../compcars_cctv/extracted/data_extracted/data/image/14/1832/2010/467c8a26aa43e6.jpg,14,9,64.29
387,14,MG,1836,MG3,../../compcars_cctv/extracted/data_extracted/data/image/14/1836,../../compcars_cctv/extracted/data_extracted/data/image/14/1836/2011/290ce681b289f3.jpg,43,32,74.42
388,103,Opel,1842,Antara,../../compcars_cctv/extracted/data_extracted/data/image/103/1842,../../compcars_cctv/extracted/data_extracted/data/image/103/1842/2013/bac9866ddfa6f9.jpg,32,15,46.88
389,103,Opel,1843,Zafira,../../compcars_cctv/extracted/data_extracted/data/image/103/1843,../../compcars_cctv/extracted/data_extracted/data/image/103/1843/2013/2f08366cc03811.jpg,13,8,61.54
390,103,Opel,1845,GTC hatchback,../../compcars_cctv/extracted/data_extracted/data/image/103/1845,../../compcars_cctv/extracted/data_extracted/data/image/103/1845/2014/5e3e964d4a88e3.jpg,35,17,48.57
391,70,Venucia,1859,Venucia R50,../../compcars_cctv/extracted/data_extracted/data/image/70/1859,../../compcars_cctv/extracted/data_extracted/data/image/70/1859/2014/01ec53a00f08f5.jpg,19,11,57.89
392,70,Venucia,1863,Venucia D50,../../compcars_cctv/extracted/data_extracted/data/image/70/1863,../../compcars_cctv/extracted/data_extracted/data/image/70/1863/2013/328c829ee31bad.jpg,25,12,48.0
393,28,Mitsubishi,1866,Pajero,../../compcars_cctv/extracted/data_extracted/data/image/28/1866,../../compcars_cctv/extracted/data_extracted/data/image/28/1866/2015/f753b749a258a2.jpg,77,63,81.82
394,28,Mitsubishi,1867,Grandis,../../compcars_cctv/extracted/data_extracted/data/image/28/1867,../../compcars_cctv/extracted/data_extracted/data/image/28/1867/2009/24c55704b96e5e.jpg,13,9,69.23
395,28,Mitsubishi,1871,Evo,../../compcars_cctv/extracted/data_extracted/data/image/28/1871,../../compcars_cctv/extracted/data_extracted/data/image/28/1871/2008/3e9b762d40dea0.jpg,34,11,32.35
396,28,Mitsubishi,1874,ASX abroad version,../../compcars_cctv/extracted/data_extracted/data/image/28/1874,../../compcars_cctv/extracted/data_extracted/data/image/28/1874/2010/da0b0f928c33e9.jpg,27,17,62.96
397,28,Mitsubishi,1885,Outlander abroad version,../../compcars_cctv/extracted/data_extracted/data/image/28/1885,../../compcars_cctv/extracted/data_extracted/data/image/28/1885/2010/838ad53ed55135.jpg,59,35,59.32
398,28,Mitsubishi,1886,Mitsubishi Fortis,../../compcars_cctv/extracted/data_extracted/data/image/28/1886,../../compcars_cctv/extracted/data_extracted/data/image/28/1886/2013/28a9c35ce3cf20.jpg,10,2,20.0
399,28,Mitsubishi,1889,Mitsubishi Lancer EX,../../compcars_cctv/extracted/data_extracted/data/image/28/1889,../../compcars_cctv/extracted/data_extracted/data/image/28/1889/2010/5256017f2ab1a0.jpg,58,25,43.1
400,128,SAAB,1893,SAAB D70,../../compcars_cctv/extracted/data_extracted/data/image/128/1893,../../compcars_cctv/extracted/data_extracted/data/image/128/1893/2013/bafe0db40a90de.jpg,14,4,28.57
401,43,Wuling,1899,Wulinghongguang,../../compcars_cctv/extracted/data_extracted/data/image/43/1899,../../compcars_cctv/extracted/data_extracted/data/image/43/1899/2010/5d1b1912c7ba32.jpg,32,31,96.88
402,43,Wuling,1901,Wulingzhiguang,../../compcars_cctv/extracted/data_extracted/data/image/43/1901,../../compcars_cctv/extracted/data_extracted/data/image/43/1901/2010/01e35b746d1160.jpg,16,8,50.0
403,43,Wuling,1904,Wulingrongguang,../../compcars_cctv/extracted/data_extracted/data/image/43/1904,../../compcars_cctv/extracted/data_extracted/data/image/43/1904/2011/7108ba6c97be26.jpg,22,21,95.45
404,157,Chevy,1905,AVEO hatchback,../../compcars_cctv/extracted/data_extracted/data/image/157/1905,../../compcars_cctv/extracted/data_extracted/data/image/157/1905/2014/b5d32ba0af6f45.jpg,27,15,55.56
405,157,Chevy,1906,Trax,../../compcars_cctv/extracted/data_extracted/data/image/157/1906,../../compcars_cctv/extracted/data_extracted/data/image/157/1906/2014/4ee75cc1008101.jpg,13,4,30.77
406,157,Chevy,1907,Epica,../../compcars_cctv/extracted/data_extracted/data/image/157/1907,../../compcars_cctv/extracted/data_extracted/data/image/157/1907/2010/fcb8e2b2826136.jpg,36,17,47.22
407,157,Chevy,1908,Cruze sedan,../../compcars_cctv/extracted/data_extracted/data/image/157/1908,../../compcars_cctv/extracted/data_extracted/data/image/157/1908/2012/2061a3d11bd0c4.jpg,82,55,67.07
408,157,Chevy,1909,Cruze hatchback,../../compcars_cctv/extracted/data_extracted/data/image/157/1909,../../compcars_cctv/extracted/data_extracted/data/image/157/1909/2013/6fd8dff17aab1e.jpg,11,3,27.27
409,157,Chevy,1910,Captiva,../../compcars_cctv/extracted/data_extracted/data/image/157/1910,../../compcars_cctv/extracted/data_extracted/data/image/157/1910/2011/418d9ffaa4157b.jpg,48,32,66.67
410,157,Chevy,1911,Aveo,../../compcars_cctv/extracted/data_extracted/data/image/157/1911,../../compcars_cctv/extracted/data_extracted/data/image/157/1911/2009/f16104c6e52313.jpg,15,5,33.33
411,157,Chevy,1912,Lova,../../compcars_cctv/extracted/data_extracted/data/image/157/1912,../../compcars_cctv/extracted/data_extracted/data/image/157/1912/2009/10da5c07f4548f.jpg,35,15,42.86
412,157,Chevy,1913,Malibu,../../compcars_cctv/extracted/data_extracted/data/image/157/1913,../../compcars_cctv/extracted/data_extracted/data/image/157/1913/2013/de5388f051464c.jpg,55,27,49.09
413,157,Chevy,1914,Sail hatchback,../../compcars_cctv/extracted/data_extracted/data/image/157/1914,../../compcars_cctv/extracted/data_extracted/data/image/157/1914/2011/06ebae9e4fb380.jpg,23,16,69.57
414,157,Chevy,1915,Sail sedan,../../compcars_cctv/extracted/data_extracted/data/image/157/1915,../../compcars_cctv/extracted/data_extracted/data/image/157/1915/2011/e1e6229a0a0296.jpg,41,33,80.49
415,157,Chevy,1917,Aveo sedan,../../compcars_cctv/extracted/data_extracted/data/image/157/1917,../../compcars_cctv/extracted/data_extracted/data/image/157/1917/2011/06a0516b55d8d4.jpg,33,22,66.67
416,157,Chevy,1946,Camaro,../../compcars_cctv/extracted/data_extracted/data/image/157/1946,../../compcars_cctv/extracted/data_extracted/data/image/157/1946/2011/88b48f1d9be07f.jpg,52,44,84.62
417,38,Zhonghua,1951,Zhonghua H330,../../compcars_cctv/extracted/data_extracted/data/image/38/1951,../../compcars_cctv/extracted/data_extracted/data/image/38/1951/2013/a4783c1b4b3b30.jpg,8,7,87.5
418,38,Zhonghua,1952,Zhonghua H530,../../compcars_cctv/extracted/data_extracted/data/image/38/1952,../../compcars_cctv/extracted/data_extracted/data/image/38/1952/2011/92a08ff1440c88.jpg,22,11,50.0
419,38,Zhonghua,1953,Zhonghua V5,../../compcars_cctv/extracted/data_extracted/data/image/38/1953,../../compcars_cctv/extracted/data_extracted/data/image/38/1953/2014/58ea97bdbaa8db.jpg,17,12,70.59
420,38,Zhonghua,1954,Zhonghua Junjie,../../compcars_cctv/extracted/data_extracted/data/image/38/1954,../../compcars_cctv/extracted/data_extracted/data/image/38/1954/2011/35faf2e0a881f5.jpg,26,7,26.92
421,38,Zhonghua,1955,Zhonghua Junjie CROSS,../../compcars_cctv/extracted/data_extracted/data/image/38/1955,../../compcars_cctv/extracted/data_extracted/data/image/38/1955/2010/148afcaa2db4af.jpg,27,15,55.56
422,38,Zhonghua,1956,Zhonghua Junjie FRV,../../compcars_cctv/extracted/data_extracted/data/image/38/1956,../../compcars_cctv/extracted/data_extracted/data/image/38/1956/2008/d1fe9fcf5513ae.jpg,30,16,53.33
423,38,Zhonghua,1957,Zhonghua Junjie FSV,../../compcars_cctv/extracted/data_extracted/data/image/38/1957,../../compcars_cctv/extracted/data_extracted/data/image/38/1957/2011/047ef9ede9fada.jpg,29,18,62.07
424,38,Zhonghua,1958,Zhonghua Junjie Wagon,../../compcars_cctv/extracted/data_extracted/data/image/38/1958,../../compcars_cctv/extracted/data_extracted/data/image/38/1958/2008/ec5155206a5a67.jpg,23,14,60.87
425,38,Zhonghua,1959,Zhonghua Zunchi,../../compcars_cctv/extracted/data_extracted/data/image/38/1959,../../compcars_cctv/extracted/data_extracted/data/image/38/1959/2008/fb77265ed80366.jpg,32,26,81.25
426,38,Zhonghua,1961,Zhonghua H230,../../compcars_cctv/extracted/data_extracted/data/image/38/1961,../../compcars_cctv/extracted/data_extracted/data/image/38/1961/2012/d3dff6d4f9a2b0.jpg,11,9,81.82
427,84,Brabus,1962,Brabus S Class,../../compcars_cctv/extracted/data_extracted/data/image/84/1962,../../compcars_cctv/extracted/data_extracted/data/image/84/1962/2014/6598c2b218a804.jpg,18,3,16.67
428,37,Zxauto,1983,Grandtiger G3,../../compcars_cctv/extracted/data_extracted/data/image/37/1983,../../compcars_cctv/extracted/data_extracted/data/image/37/1983/2010/32f7e44e919ea1.jpg,20,16,80.0
429,37,Zxauto,1984,Grandtiger TUV,../../compcars_cctv/extracted/data_extracted/data/image/37/1984,../../compcars_cctv/extracted/data_extracted/data/image/37/1984/2013/67d5f5151516b3.jpg,22,17,77.27
430,37,Zxauto,1993,Qijian A9,../../compcars_cctv/extracted/data_extracted/data/image/37/1993,../../compcars_cctv/extracted/data_extracted/data/image/37/1993/2010/a61f681dab841a.jpg,12,9,75.0
