accuracy,loss,val_accuracy,val_loss,learning_rate
0.0910864844918251,5.115995407104492,0.24625468254089355,3.757234811782837,0.0010000000474974513
0.3239150941371918,3.2673983573913574,0.4606741666793823,2.4929513931274414,0.0010000000474974513
0.4936777949333191,2.263441801071167,0.5639825463294983,1.870614767074585,0.0010000000474974513
0.6129409670829773,1.6910269260406494,0.6326466798782349,1.5335447788238525,0.0010000000474974513
0.6830315589904785,1.3428804874420166,0.6828963756561279,1.318441390991211,0.0010000000474974513
0.7389166355133057,1.0901979207992554,0.687578022480011,1.2330037355422974,0.0010000000474974513
0.7706837058067322,0.9338380694389343,0.7247191071510315,1.1082789897918701,0.0010000000474974513
0.7883234620094299,0.8272178173065186,0.7322097420692444,1.0450159311294556,0.0010000000474974513
0.817280650138855,0.7297007441520691,0.7493757605552673,0.9732179641723633,0.0010000000474974513
0.832266628742218,0.6556923389434814,0.754993736743927,0.9444059729576111,0.0010000000474974513
0.8458476662635803,0.593517541885376,0.761860191822052,0.9073804020881653,0.0010000000474974513
0.8625507354736328,0.535091757774353,0.7730961441993713,0.8602486252784729,0.0010000000474974513
0.8731657862663269,0.4904484152793884,0.7784019708633423,0.8442583680152893,0.0010000000474974513
0.8780830502510071,0.467214435338974,0.7640449404716492,0.8990291953086853,0.0010000000474974513
0.916406512260437,0.34366998076438904,0.8139825463294983,0.715038537979126,0.00020000000949949026
0.9245238900184631,0.31058916449546814,0.8164793848991394,0.6955220699310303,0.00020000000949949026
0.9336559772491455,0.283726304769516,0.8180399537086487,0.6836771368980408,0.00020000000949949026
0.9338901042938232,0.27168795466423035,0.8192883729934692,0.6755418181419373,0.00020000000949949026
0.9379488229751587,0.26220759749412537,0.8202247023582458,0.6718366742134094,0.00020000000949949026
0.9406806230545044,0.25430795550346375,0.8255305886268616,0.6700374484062195,0.00020000000949949026
