,Acura,Alfa Romeo,Audi,BMW,Buick,Cadillac,Chevrolet,Chrysler,Dodge,Ford,GMC,Honda,Hyundai,Isuzu,Jeep,Kia,Land Rover,Lexus,Lincoln,MINI,Mazda,Mitsubishi,Nissan,Opel,Peugeot,Porsche,Renault,Skoda,Subaru,Suzuki,Toyota,Volkswagen
Acura,108,0,0,0,0,0,0,0,0,0,0,0,0,0,0,0,0,0,0,0,0,0,0,0,0,0,0,0,0,1,1,0
Alfa Romeo,0,39,0,0,0,0,0,0,0,0,0,1,0,0,0,1,0,0,0,0,0,0,0,0,0,0,0,0,0,0,0,0
Audi,0,0,342,0,0,0,0,0,0,2,0,2,0,0,0,0,0,0,0,0,0,1,0,2,0,0,0,1,0,0,0,5
BMW,0,0,1,155,0,0,1,3,0,1,0,2,0,0,0,0,0,0,0,0,0,1,0,0,0,0,0,0,0,0,0,0
Buick,0,0,0,1,97,0,0,0,1,0,1,0,0,0,0,0,0,0,0,0,0,0,0,0,0,0,0,0,0,0,0,0
Cadillac,0,0,0,1,0,88,0,0,0,0,0,1,0,0,0,0,0,0,0,0,0,0,0,0,0,0,0,0,0,0,0,0
Chevrolet,0,0,0,0,0,0,54,0,0,0,0,0,0,0,0,0,0,0,0,0,0,0,0,0,0,0,0,0,0,0,1,1
Chrysler,0,0,0,0,0,0,0,30,0,0,0,1,0,0,0,0,0,0,0,0,0,0,0,0,0,0,0,0,0,0,1,2
Dodge,1,0,2,1,0,0,1,2,62,0,0,0,2,0,1,0,0,0,0,0,0,0,0,0,0,0,0,0,0,0,0,0
Ford,0,0,3,0,1,0,1,2,2,690,0,3,2,0,0,10,0,0,0,0,0,0,1,7,0,0,3,2,1,0,3,15
GMC,0,0,1,0,0,1,3,0,2,0,26,0,0,0,1,0,0,0,0,0,0,0,0,0,0,0,0,0,0,0,0,0
Honda,0,0,1,0,0,0,0,1,0,1,0,379,0,0,0,2,0,0,0,1,0,0,0,1,0,0,0,0,0,0,5,1
Hyundai,0,0,0,0,0,0,0,0,0,0,0,1,234,0,0,0,0,0,0,0,0,0,0,1,0,0,0,2,0,1,2,1
Isuzu,0,0,0,0,0,0,1,0,1,0,0,0,0,3,1,0,0,0,0,0,0,0,0,0,0,0,0,0,0,0,0,0
Jeep,0,0,0,0,0,0,0,0,1,0,1,0,0,0,161,0,0,0,0,0,0,1,0,0,0,0,0,0,0,0,0,6
Kia,0,0,0,0,0,0,0,0,0,3,0,0,1,0,0,277,0,0,0,0,0,0,0,0,0,0,0,1,0,0,3,2
Land Rover,0,0,0,0,0,0,0,0,0,0,0,0,0,0,0,0,16,0,0,0,0,0,0,0,0,0,0,0,0,0,0,0
Lexus,0,1,0,0,0,0,0,0,0,1,0,0,1,0,0,1,0,197,0,0,0,0,0,0,0,0,0,0,0,0,0,0
Lincoln,0,0,0,0,0,0,0,0,0,2,0,0,0,0,0,0,0,0,3,0,0,0,0,0,0,0,0,0,0,0,0,0
MINI,0,0,0,0,0,0,0,0,0,0,0,0,0,0,0,0,0,0,0,18,0,0,0,0,0,0,0,0,0,0,0,0
Mazda,0,0,0,0,0,0,1,0,0,2,0,0,0,0,0,0,0,0,0,0,80,0,0,2,0,0,0,0,0,0,0,0
Mitsubishi,0,0,1,0,0,0,0,0,0,0,0,0,0,0,0,0,0,0,0,0,0,133,1,0,0,0,0,0,0,0,0,0
Nissan,0,0,2,0,0,0,0,0,1,1,0,0,0,0,0,0,0,0,0,0,0,0,385,1,0,0,0,0,0,0,0,4
Opel,0,0,1,0,0,0,0,0,0,3,0,0,0,0,0,1,0,0,0,0,0,0,0,83,0,0,0,0,0,0,0,2
Peugeot,0,0,0,0,0,0,0,0,0,0,0,0,0,0,0,3,0,0,0,0,0,0,1,0,75,0,0,0,0,0,0,0
Porsche,0,0,0,0,0,0,0,1,0,0,0,0,0,0,1,0,0,0,0,0,0,0,0,0,0,10,0,0,0,0,0,0
Renault,0,0,0,0,0,0,0,0,0,0,0,0,0,0,0,1,0,0,0,0,0,0,1,1,0,0,84,0,0,0,0,3
Skoda,0,0,4,0,0,0,0,0,0,1,0,0,0,0,0,1,0,0,0,0,0,0,0,1,1,0,2,71,0,0,0,9
Subaru,0,0,0,0,0,0,0,0,0,0,0,0,1,0,0,0,0,0,0,0,0,0,0,0,0,0,0,0,158,0,0,1
Suzuki,0,0,0,2,0,0,0,0,0,0,0,0,0,0,0,0,0,0,0,0,0,0,0,0,0,0,0,0,0,82,1,1
Toyota,0,0,2,0,0,0,0,0,0,2,0,2,4,0,0,3,0,0,0,0,0,0,3,2,0,0,3,0,0,0,521,3
Volkswagen,1,0,3,0,0,0,0,2,0,11,0,2,2,0,0,2,0,0,0,0,0,0,0,2,0,1,2,3,1,0,1,1225
