image_path,filename,top1_make,top1_confidence,latency_ms,top_1_make,top_1_confidence,top_2_make,top_2_confidence,top_3_make,top_3_confidence,top_4_make,top_4_confidence,top_5_make,top_5_confidence
/home/researchadmin/Econ-n/repo-clone/vmmr/code/current/efficientnet/sample_inference/images/01_audi.jpg,01_audi.jpg,Audi,0.8045566082000732,187.99750953330658,Audi,0.8045566082000732,Skoda,0.18969862163066864,Volkswagen,0.004657031502574682,BMW,0.0003584661753848195,Renault,0.00018267100676894188
/home/researchadmin/Econ-n/repo-clone/vmmr/code/current/efficientnet/sample_inference/images/02_bmw.jpg,02_bmw.jpg,BMW,0.9999992847442627,187.99750953330658,BMW,0.9999992847442627,Porsche,3.48341785638695e-07,Buick,1.035883840927454e-07,MINI,1.0222524338132644e-07,Audi,1.0193124921897834e-07
/home/researchadmin/Econ-n/repo-clone/vmmr/code/current/efficientnet/sample_inference/images/03_chevrolet.jpg,03_chevrolet.jpg,Chevrolet,0.9937740564346313,187.99750953330658,Chevrolet,0.9937740564346313,Opel,0.002174585359171033,Hyundai,0.0012109889648854733,Honda,0.0010158340446650982,Toyota,0.0005037558148615062
/home/researchadmin/Econ-n/repo-clone/vmmr/code/current/efficientnet/sample_inference/images/04_ford.jpg,04_ford.jpg,Ford,0.7501339316368103,187.99750953330658,Ford,0.7501339316368103,Renault,0.1471555233001709,Skoda,0.04297703877091408,Opel,0.030712269246578217,Dodge,0.01110073272138834
/home/researchadmin/Econ-n/repo-clone/vmmr/code/current/efficientnet/sample_inference/images/05_gmc.jpg,05_gmc.jpg,GMC,0.9999915361404419,187.99750953330658,GMC,0.9999915361404419,Suzuki,8.265458745881915e-06,Cadillac,7.620010933351296e-08,Buick,7.28678131167726e-08,Chrysler,1.9980733512170445e-08
/home/researchadmin/Econ-n/repo-clone/vmmr/code/current/efficientnet/sample_inference/images/06_honda.jpg,06_honda.jpg,Honda,0.9994074106216431,187.99750953330658,Honda,0.9994074106216431,Acura,0.00027169971144758165,Volkswagen,0.00013616069918498397,Kia,4.52223903266713e-05,Skoda,3.525206193444319e-05
/home/researchadmin/Econ-n/repo-clone/vmmr/code/current/efficientnet/sample_inference/images/07_hyundai.jpg,07_hyundai.jpg,Hyundai,0.9995150566101074,187.99750953330658,Hyundai,0.9995150566101074,Chevrolet,0.00027361896354705095,Opel,7.519177597714588e-05,Kia,6.294946069829166e-05,Mitsubishi,2.1818226741743274e-05
/home/researchadmin/Econ-n/repo-clone/vmmr/code/current/efficientnet/sample_inference/images/08_infiniti.jpg,08_infiniti.jpg,Infiniti,0.9991468191146851,187.99750953330658,Infiniti,0.9991468191146851,Alfa Romeo,0.0005341433570720255,Porsche,0.0002572799858171493,BMW,3.218136771465652e-05,Hyundai,1.1075413567596115e-05
/home/researchadmin/Econ-n/repo-clone/vmmr/code/current/efficientnet/sample_inference/images/09_jeep.jpg,09_jeep.jpg,Jeep,1.0,187.99750953330658,Jeep,1.0,Land Rover,7.138039048726341e-09,Isuzu,3.3693472456519657e-09,Ford,1.4446260854228399e-09,Opel,6.104809435747427e-10
/home/researchadmin/Econ-n/repo-clone/vmmr/code/current/efficientnet/sample_inference/images/10_nissan.jpg,10_nissan.jpg,Nissan,0.9997108578681946,187.99750953330658,Nissan,0.9997108578681946,Honda,8.579004497732967e-05,Ford,4.2925606976496056e-05,Acura,2.6687734134611674e-05,Peugeot,2.2422374968300574e-05
/home/researchadmin/Econ-n/repo-clone/vmmr/code/current/efficientnet/sample_inference/images/11_porsche.jpg,11_porsche.jpg,Porsche,0.999893307685852,187.99750953330658,Porsche,0.999893307685852,Chevrolet,6.508278602268547e-05,Ford,1.8228938643005677e-05,Suzuki,1.0179445780522656e-05,MINI,3.11802068608813e-06
/home/researchadmin/Econ-n/repo-clone/vmmr/code/current/efficientnet/sample_inference/images/12_subaru.jpg,12_subaru.jpg,Subaru,0.9999988079071045,187.99750953330658,Subaru,0.9999988079071045,Toyota,1.1228338507862645e-06,Hyundai,4.176471435357598e-08,Honda,1.0378426118506923e-08,Acura,4.139362186350581e-09
/home/researchadmin/Econ-n/repo-clone/vmmr/code/current/efficientnet/sample_inference/images/13_toyota.jpg,13_toyota.jpg,Toyota,0.9999421834945679,187.99750953330658,Toyota,0.9999421834945679,Nissan,2.345381653867662e-05,Ford,8.809754945104942e-06,Chrysler,6.5022959461202845e-06,Volkswagen,4.248033292242326e-06
/home/researchadmin/Econ-n/repo-clone/vmmr/code/current/efficientnet/sample_inference/images/14_volkswagen.jpg,14_volkswagen.jpg,Volkswagen,0.9999947547912598,187.99750953330658,Volkswagen,0.9999947547912598,Skoda,2.794803549477365e-06,Honda,1.4720543504154193e-06,Toyota,2.577967279648874e-07,Renault,1.9773540316236904e-07
/home/researchadmin/Econ-n/repo-clone/vmmr/code/current/efficientnet/sample_inference/images/15_volvo.jpg,15_volvo.jpg,Hyundai,0.7543194890022278,187.99750953330658,Hyundai,0.7543194890022278,Toyota,0.10054634511470795,Volkswagen,0.07446300238370895,Opel,0.023016756400465965,Skoda,0.014209702610969543
