epoch,train_loss,train_acc,val_loss_pm,val_acc_pm,val_loss_ext,val_acc_ext,val_loss
1,2.2925511953421753,0.5014609855136084,0.9436093156449419,0.7578984897795005,0.549581918080248,0.8552652928768457,0.7465956168625949
2,1.0700990735878364,0.7276325175592625,0.6692736246097448,0.8247979668702234,0.3422792971825689,0.9125425928930716,0.5057764608961568
3,0.8269141255786606,0.785214552238806,0.5628184646822466,0.8539327897027096,0.2750085867843457,0.93120233652442,0.41891352573329615
4,0.6989188512550372,0.8161433183347966,0.5077768713944215,0.8682670859692105,0.23618473784017927,0.9406133376602304,0.3719808046173004
5,0.6247561769892497,0.8340501079163009,0.4572019450279042,0.8812301166489925,0.2212850702320545,0.9441830277462275,0.33924350762997935
6,0.5690364625812163,0.8485284972197834,0.4363233405755731,0.8867517460781804,0.19479556345616128,0.9566769430472173,0.3155594520158672
7,0.5280497902978396,0.8588034094234709,0.4156069334712321,0.8931235601711339,0.19866626231571344,0.9548920980042187,0.3071365978934728
8,0.4940090100180095,0.8673315408252853,0.39988487162521197,0.8975481771309467,0.18687585426025116,0.9594353399318514,0.29338036294273157
9,0.46727417474874244,0.8745941706906644,0.3851210187774461,0.9010677588035251,0.17942640519517036,0.9613824436151225,0.28227371198630824
10,0.44866205116405206,0.8793886724465906,0.37419907369835786,0.9043770797528066,0.172832843603673,0.9634918059386662,0.2735159586510154
11,0.43209760817436116,0.8836653131401815,0.36705797757248726,0.9072750210260724,0.1747336750708033,0.9641408404997566,0.27089582632164527
12,0.42000590986810693,0.887090283874744,0.359627126375622,0.9082806157896661,0.17195925564701156,0.9646276164205744,0.26579319101131677
13,0.41422329637973426,0.8890771327187591,0.35509430375025774,0.9098164332467913,0.1682660396904619,0.9646276164205744,0.26168017172035984
14,0.40669764956949456,0.8905586954931226,0.3522619491138375,0.9109957216513694,0.17115761524629383,0.9644653577803018,0.2617097821800657
15,0.40300027487602197,0.8912297428299678,0.3520104234719604,0.9110414305042601,0.1666109158231951,0.9657634269024825,0.25931066964757776
